parid,po_stradr,fxc_stradr,fxc_city,fxc_state,fxc_zip
20K631011,1082 e linden ave,6985 snow way,saint louis,mo,63130
08F531126,6310 parker rd,8D Hashahaf st,international,international,99999
13O640745,11957 sandal tree ct,8112 maryland ave suite 101,saint louis,mo,63105
17K530435,1218 grant dr,6985 snow way,saint louis,mo,63130
11F511296,10122 duke dr,249-11 145th ave,international,international,99999
10J310945,901 buckeye dr,dreve du bois des monines 29,international,international,99999
10J130664,6828 berkridge ct,620 market st,knoxville,tn,67902
16L630391,9446 minerva ave,620 market st,knoxville,tn,67902
10J541132,28 barto dr,613 westridge dr,o fallon,mo,63366
08E611241,12363 pinta dr,dreve du bois des monines 29,international,international,99999
08E630622,12430 pizarro dr,dreve du bois des monines 29,international,international,99999
14J231604,3339 werder dr,dreve du bois des monines 29,international,international,99999
26H340995,617 sandra ct,10123 tanbridge rd,saint louis,mo,63128
17K341301,7744 ahern ave,6985 snow way,saint louis,mo,63130
20J111097,7905 w bruno ave,6985 snow way,saint louis,mo,63130
13F510352,9267 cottonwood dr,dreve du bois des monines 29,international,international,99999
14H540509,5301 stanwood dr,515-700 eclaircies st,international,international,99999
14G120610,6657 kenwood dr,515-700 eclaircies st,international,international,99999
11E510322,10101 toelle ln,91-10062 paaoloulu way,kapolei,hi,96707
10F340411,10539 anson dr,91-10062 paaoloulu way,kapolei,hi,96707
10G140982,1622 keelen dr,91-10062 paaoloulu way,kapolei,hi,96707
09K540493,253 palm dr,91-10062 paaoloulu way,kapolei,hi,96707
14J210180,7701 brocton ct,91-10062 paaoloulu way,kapolei,hi,96707
11E520763,10309 lilac ave,14657740 stags leap ct,muskego,wi,53150
11G421105,10110 saffron dr,73-4840 Kanalani,kailua kona,hi,96740
12H541193,1015 highmont dr,73-4840 Kanalani,kailua kona,hi,96740
10D220041,10748 spring garden dr,229-171A rink st,international,international,99999
25J520764,38 montague ct,5359 dunbar st,international,international,99999
14L611062,20 st benedict ct,6532 cypress st,international,international,99999
15L221321,9609 echo ln,6532 cypress st,international,international,99999
13L540220,9832 guthrie ave,6532 cypress st,international,international,99999
11E241116,10079 diamond dr,130 empire court,international,international,99999
11E520644,10236 lilac ave,130 empire court,international,international,99999
11J220571,49 n dade ave,130 empire court,international,international,99999
14G230601,7043 theodore ave,130 empire court,international,international,99999
29J212119,1019 mersey bend dr,5 the pines court,saint louis,mo,63141
16P420716,1209 woodland point dr,5 the pines court,saint louis,mo,63141
12N110729,11808 brookmont dr,rr 1 box 1103,thayer,mo,65791
12H630316,1140 highmont dr,87-535 kulaaupuni st,waianae,hi,96792
09E630063,11722 criterion ave,91-1027 oaniani st,kapolei,hi,96707
08H120928,655 wilshire dr,4 world trade center,new york,ny,10007
24L131956,912 baltimore pl,402 strand st,international,international,99999
16N321288,1033 wilton royal dr,8199 poplar ave,germantown,tn,38138
14G531252,7209 marge ave,box 100 1096 br,international,international,99999
17K340113,7715 wild plum ln,4824 gatesbury dr,saint louis,mo,63128
17K340058,7716 wild plum ln,4824 gatesbury dr,saint louis,mo,63128
17K340069,7720 wild plum ln,4824 gatesbury dr,saint louis,mo,63128
17K340081,7728 wild plum ln,4824 gatesbury dr,saint louis,mo,63128
17K340092,7734 wild plum ln,4824 gatesbury dr,saint louis,mo,63128
11D420361,10441 spring garden dr,10 roasevale pl,international,international,99999
11D440572,149 perthshire rd,61 b carlingford rd,international,international,99999
11F210225,9747 portage dr,1841 sherman dr,saint charles,mo,63303
19K520351,550 s brentwood blvd,1 cadde 3 sokak,international,international,99999
12H410646,308 s clark ave,,,,
09L330183,411 utz ln,,,,
08L220797,813 riderwood dr,95-222 anu anu pl,milliani,hi,96789
13L130764,10308 st matthew ln,1632 bramsey dr,international,international,99999
07H240865,2050 aqueduct dr,4500 amon carter blvd,ft worth,tx,76155
15L330971,2225 wengler ave,4500 amon carter blvd,ft worth,tx,76155
06H141040,2717 westminster dr,4500 amon carter blvd,ft worth,tx,76155
08H120175,435 waterford dr,4500 amon carter blvd,ft worth,tx,76155
09G440091,4354 metarus dr,4500 amon carter blvd,ft worth,tx,76155
14G120326,4504 begg blvd,4500 amon carter blvd,ft worth,tx,76155
15L310168,9423 ridge ave,4500 amon carter blvd,ft worth,tx,76155
22X240036,18313 shiloh hill rd,4500 amon carter blvd,ft worth,tx,76155
14H530041,7517 san diego ave,4500 amon carter blvd,ft worth,tx,76155
11J530412,8036 blueberry ln,4500 amon carter blvd,ft worth,tx,76155
13K310695,8593 engler ave,4500 amon carter blvd,ft worth,tx,76155
25R311371,1621 forest springs ln,4500 amon carter blvd,ft worth,tx,76155
16J210247,1508 bradford ave,3476 stateview blvd,fort mill,sc,29715
11G440814,1600 champlin dr,3476 stateview blvd,fort mill,sc,29715
16K120486,8527 orchard ave,3476 stateview blvd,fort mill,sc,29715
14J120078,2823 lyndhurst ave,3476 stateview blvd,fort mill,sc,29715
24Q520508,1138 villaview dr,3476 stateview blvd,fort mill,sc,29715
13N220342,16 shumate ave,3476 stateview blvd,fort mill,sc,29715
14H420074,7626 n sunset dr,3476 stateview blvd,fort mill,sc,29715
15H310790,3006 gary dr,26 kovshey katamon,international,international,99999
09D410349,1021 briarbrae dr,4425 ponce de leon blvd,coral gables,fl,33146
10D120345,10615 moidart cir,4425 ponce de leon blvd,coral gables,fl,33146
19K344977,816 s hanley rd,17400 gulf blvd,redington shores,fl,33708
10J540384,142 becker dr,9/6 exeter way,international,international,99999
07K230093,1131 charbonier rd,tre fontanettes 1b,international,international,99999
17O320683,550 coeur de royale dr,po box 4222,chesterfield,mo,63006
27G430744,808 erskine ave,6666 lucretia ave,saint louis,mo,63129
27G430692,810 erskine ave,6666 lucretia ave,saint louis,mo,63129
11G140394,9871 lorna ln,16 saxelby st,international,international,99999
18H421145,708 interdrive st,1 brookings dr,saint louis,mo,63130
18H421622,710 limit ave,1 brookings dr,saint louis,mo,63130
18H421222,715 limit ave,1 brookings dr,saint louis,mo,63130
18H421156,720 interdrive st,1 brookings dr,saint louis,mo,63130
18H421178,738 interdrive st,1 brookings dr,saint louis,mo,63130
18H421541,744 interdrive st,1 brookings dr,saint louis,mo,63130
10J140292,8301 woodhurst dr,po box 434024,saint louis,mo,63143
24J211300,6618 kingsway dr,6618 kingsway dr,saint louis,mo,63123
18J620187,6820 delmar blvd,1 brookings dr,saint louis,mo,63130
27H322264,314 w arlee ave,9405 dana ave,saint louis,mo,63123
14G511210,7107 florence pl,,,,
18U530302,17146 hillcrest meadow dr,30 sturdee rd,international,international,99999
11J111154,6030 evergreen blvd,4338 innes rd,international,international,99999
14G440545,7415 sharon dr,4338 innes rd,international,international,99999
14L541882,3317 royalton ave,29 west 17th st,new york,ny,10128
15G442065,4502 june ave,29 west 17th st,new york,ny,10128
08F530851,6220 pennyrich ct,29 west 17th st,new york,ny,10128
12N130253,12009 providence ln,200 idalia rd,bloomfield,mo,63825
18R230728,15104 appalachian trl,po box 6430,chesterfield,mo,63006
23L410276,318 n sappington rd,unit 9900 box 16,international,international,99999
18K613519,8147 stratford dr,8147 stratford dr,saint louis,mo,63105
20K631781,8024 central park dr,8147 stratford dr,saint louis,mo,63105
17H131324,6570 corbitt ave,6 seascape,humacao,pr,00791
12E530103,9729 lilac dr,6 seascape,humacao,pr,00791
08K521758,660 materdie ln,box 546,international,international,99999
11G141081,10036 lakemoor dr,94-536 kupuna loop,waipahu,hi,96797
08E321203,1198 trampe ave,94-536 kupuna loop,waipahu,hi,96797
08E320697,1225 northdale ave,91-213 hooma alili pl,ewa beach,hi,96706
17K620745,7731 how ave,6710 36th e lot 385,palmetto,fl,34221
24O420075,13132 cozyhill dr,po box 488,granite city,il,62040
22N230428,1012 nana ln,po box 488,granite city,il,62040
10D120583,241 glen garry rd,3621 fairfax st,eau claire,wi,54701
19J431362,7667 carswold dr,3894 michael john dr,belleville,il,62226
08E221521,1436 farmview ave,500 railway ave,international,international,99999
07K610891,1069 aspen dr,500 railway ave,international,international,99999
10E330082,1140 huntsman dr,500 railway ave,international,international,99999
09E331061,1353 aspen woods dr,500 railway ave,international,international,99999
12E130051,9322 melanie dr,500 railway ave,international,international,99999
14J141495,8702 wales rd,1507 roberval ave,international,international,99999
16O620531,11814 spruce orchard dr,1201 demonbreun st,nashville,tn,37230
24S211310,845 whispering village cir,,,,
15P320525,12794 parkway estates dr,7 kislev apt 6,international,international,99999
11E320949,129 chambers rd,333 westchester ave,white plains,ny,10604
10F211555,10444 prince dr,333 westchester ave,white plains,ny,10604
10F121740,10456 count dr,35124 ren penhaligan way,international,international,99999
14G242417,5457 helen ave,29 rosiers ave,international,international,99999
19J111163,7542 york dr,1/1124 nepean highway,international,international,99999
18R420110,1105 nooning tree dr,5f-2 381 tung hsing rd,international,international,99999
12H541225,1011 highmont dr,4325 nanaimo st,international,international,99999
15H110161,7117 curtis ave,4325 nanaimo st,international,international,99999
13K540122,8912 stansberry ave,94-1163 halcululaau st,waipahu,hi,96797
12O120437,2847 james christopher dr,3 angil 8 401ho,international,international,99999
07J240312,1740 beverly dr,33 tai tam rd,international,international,99999
10F340631,1242 nectar dr,314 south franklin st,titusville,pa,16354
11E320921,125 chambers rd,87-111 kipapani pl,waianae,hi,96792
27G110323,200 viehl ave,1000 technology dr,o fallon,mo,63368
11E530562,832 bella ln,1000 technology dr,o fallon,mo,63368
21J310422,7242 moller ave,1000 technology dr,o fallon,mo,63368
08E220872,1444 fairmeadows ln,po box 9438,gaithersburg,md,20898
12M321032,10658 st philip ln,po box 9438,gaithersburg,md,20898
08E320796,1204 lakeview ave,po box 9438,gaithersburg,md,20898
05J140265,1563 kew gardens dr,po box 9438,gaithersburg,md,20898
22T410514,331 clayton oaks dr,po box 9438,gaithersburg,md,20898
16M411302,1251 guelbreth ln,40a legas pl,international,international,99999
19K343569,800 s hanley rd,951 fells st,baltimore,md,21231
15K620248,8276 albin ave,3930 west greenwood st,springfield,mo,65807
21J421287,7757 rannells ave,knossou st 22,international,international,99999
16K641073,8208 garfield ave,knossou st 22,international,international,99999
09J120184,1695 clover ln,619 exeter way,international,international,99999
03H220171,4023 fleur de lis dr,po box 9438,gaithersburg,md,20898
15M440606,2339 kratky rd,po box 4035,international,international,99999
15L541722,2407 spencer ave,24 revivim,international,international,99999
16K640225,8316 monroe ave,24 revivim,international,international,99999
13K420732,9120 tutwiler ave,24 revivim,international,international,99999
27K540202,10020 kilrush dr,777 taylor st,fort worth,tx,76102
11F420967,10056 baron dr,2909 w 24th ave,international,international,99999
34H130191,6881 christopher dr,po box 460169,houston,tx,77056
34J530497,6696 winding creek way,6696 winding creek way,saint louis,mo,63129
19K631538,200 s brentwood blvd,200 south brentwood blvd,saint louis,mo,63105
15P231294,1938 walnutway dr,1938 walnutway dr,saint louis,mo,63146
24J630675,7036 circleview dr,45-955 kamehameha hwy,kaneohe,hi,96744
16K320345,7633 hawthorne pl,45-955 kamehameha hwy,kaneohe,hi,96744
13O640075,2822 foxwood dr,,,,
11G630325,10174 green valley dr,333 westchester ave,white plains,ny,10604
07J210117,1204 st jean st,333 westchester ave,white plains,ny,10604
22L640854,814 n rock hill rd,psc 2 box 10913,international,international,99999
09K540404,241 palm dr,875 3rd ave,new york,ny,10022
11E340125,10019 northgate dr,875 3rd ave,new york,ny,10022
11G240733,10038 balboa dr,875 3rd ave,new york,ny,10022
11F510680,10076 royal dr,875 3rd ave,new york,ny,10022
11G610781,10125 crown point dr,875 3rd ave,new york,ny,10022
11G620351,10132 cavalier ct,875 3rd ave,new york,ny,10022
11G521324,10137 green valley dr,875 3rd ave,new york,ny,10022
11G521452,10145 green valley dr,875 3rd ave,new york,ny,10022
11G440153,10173 jett dr,875 3rd ave,new york,ny,10022
11G630600,10201 northland hills ct,875 3rd ave,new york,ny,10022
11F430234,10201 pannell dr,875 3rd ave,new york,ny,10022
11E610374,10210 hobkirk dr,875 3rd ave,new york,ny,10022
11F621461,10213 unicorn dr,875 3rd ave,new york,ny,10022
11G441309,10219 reba dr,875 3rd ave,new york,ny,10022
10G120063,10222 reba dr,875 3rd ave,new york,ny,10022
11G541072,10226 green valley dr,875 3rd ave,new york,ny,10022
10G120119,10226 quaker dr,875 3rd ave,new york,ny,10022
11G541106,10230 green valley dr,875 3rd ave,new york,ny,10022
11G541115,10234 green valley dr,875 3rd ave,new york,ny,10022
11G540996,10253 green valley dr,875 3rd ave,new york,ny,10022
11E610624,10266 valley dr,875 3rd ave,new york,ny,10022
10G210337,10301 trask dr,875 3rd ave,new york,ny,10022
10G110338,10315 chesley dr,875 3rd ave,new york,ny,10022
10G110411,10320 varnum dr,875 3rd ave,new york,ny,10022
11E520819,10321 lilac ave,875 3rd ave,new york,ny,10022
11E621154,10334 galloway dr,875 3rd ave,new york,ny,10022
11D420251,10335 dudley dr,875 3rd ave,new york,ny,10022
10G220356,10336 deem dr,875 3rd ave,new york,ny,10022
10F110382,10338 edgefield dr,875 3rd ave,new york,ny,10022
11E540051,10341 lilac ave,875 3rd ave,new york,ny,10022
10G210850,10342 bon oak dr,875 3rd ave,new york,ny,10022
11D420383,10350 ross cir,875 3rd ave,new york,ny,10022
10F110814,10406 viscount dr,875 3rd ave,new york,ny,10022
11E540141,10407 lilac ave,875 3rd ave,new york,ny,10022
11E630075,10411 melvich dr,875 3rd ave,new york,ny,10022
10G140157,10412 st ives dr,875 3rd ave,new york,ny,10022
10F321041,10436 ewell dr,875 3rd ave,new york,ny,10022
10G320557,10439 canfield dr,875 3rd ave,new york,ny,10022
11E641064,10507 renfrew dr,875 3rd ave,new york,ny,10022
11E641222,10518 renfrew dr,875 3rd ave,new york,ny,10022
10F111235,10524 edgefield dr,875 3rd ave,new york,ny,10022
10E320193,10534 prestwick dr,875 3rd ave,new york,ny,10022
10G231255,10535 trask dr,875 3rd ave,new york,ny,10022
11D530053,10552 spring garden dr,875 3rd ave,new york,ny,10022
11D530163,10561 spring garden dr,875 3rd ave,new york,ny,10022
11D530097,10564 spring garden dr,875 3rd ave,new york,ny,10022
10D120060,10602 moidart cir,875 3rd ave,new york,ny,10022
11D530718,10657 spring garden dr,875 3rd ave,new york,ny,10022
10E330354,10691 foxpath dr,875 3rd ave,new york,ny,10022
10G511184,10701 trask dr,875 3rd ave,new york,ny,10022
10D210426,10718 glen garry rd,875 3rd ave,new york,ny,10022
10G610324,10721 hallstead dr,875 3rd ave,new york,ny,10022
10F410536,10721 hallwood dr,875 3rd ave,new york,ny,10022
10D210527,10725 spring garden dr,875 3rd ave,new york,ny,10022
10D210392,10728 spring garden dr,875 3rd ave,new york,ny,10022
10F431032,10809 vorhof dr,875 3rd ave,new york,ny,10022
10D230042,10828 glen garry rd,875 3rd ave,new york,ny,10022
10D230125,10829 glen garry rd,875 3rd ave,new york,ny,10022
10D240328,10877 spring garden dr,875 3rd ave,new york,ny,10022
09G320915,11055 landseer dr,875 3rd ave,new york,ny,10022
09G240642,11251 old halls ferry rd,875 3rd ave,new york,ny,10022
09E220804,11297 aspen woods dr,875 3rd ave,new york,ny,10022
09F520633,11317 amboy ln,875 3rd ave,new york,ny,10022
09E240101,11319 cadigan dr,875 3rd ave,new york,ny,10022
09E220774,11321 aspen woods dr,875 3rd ave,new york,ny,10022
09G610151,11322 bristol rock rd,875 3rd ave,new york,ny,10022
09E240200,11333 cadigan dr,875 3rd ave,new york,ny,10022
09G620105,11386 granger trl,875 3rd ave,new york,ny,10022
09G230056,11390 mehl ave,875 3rd ave,new york,ny,10022
09E330169,11407 criterion ave,875 3rd ave,new york,ny,10022
09E240521,11409 ortega dr,875 3rd ave,new york,ny,10022
09G610238,11424 maridosa trl,875 3rd ave,new york,ny,10022
09E610164,11540 criterion ave,875 3rd ave,new york,ny,10022
09G540621,11610 helenoak dr,875 3rd ave,new york,ny,10022
09D230323,11620 petite chalet dr,875 3rd ave,new york,ny,10022
09E610768,11624 criterion ave,875 3rd ave,new york,ny,10022
09D230224,11637 briarbrae ct,875 3rd ave,new york,ny,10022
09D230060,11638 mimeaux dr,875 3rd ave,new york,ny,10022
09G630533,11652 bristol rock rd,875 3rd ave,new york,ny,10022
09D510625,11681 petite chalet dr,875 3rd ave,new york,ny,10022
08F240871,11683 arroyo dr,875 3rd ave,new york,ny,10022
12N121233,11686 forestel ct,875 3rd ave,new york,ny,10022
09E430038,11704 talbott ct,875 3rd ave,new york,ny,10022
08F220277,11705 el camara dr,875 3rd ave,new york,ny,10022
09D430017,11714 larimore rd,875 3rd ave,new york,ny,10022
09G530923,11786 macrinus dr,875 3rd ave,new york,ny,10022
09D530216,11905 san andres dr,875 3rd ave,new york,ny,10022
08E310522,11906 criterion ave,875 3rd ave,new york,ny,10022
08E310731,11918 criterion ave,875 3rd ave,new york,ny,10022
09G421380,11921 cato dr,875 3rd ave,new york,ny,10022
08G320453,11922 branridge rd,875 3rd ave,new york,ny,10022
08E130861,11942 rosevalley ln,875 3rd ave,new york,ny,10022
08E130852,11950 rosevalley ln,875 3rd ave,new york,ny,10022
09G421401,11952 cato dr,875 3rd ave,new york,ny,10022
08F340386,12010 victorian village ct,875 3rd ave,new york,ny,10022
08D130190,12025 lavida ave,875 3rd ave,new york,ny,10022
08D111270,12030 lavida ave,875 3rd ave,new york,ny,10022
08E240331,12032 bellefontaine rd,875 3rd ave,new york,ny,10022
08E330278,12039 trampe heights ln,875 3rd ave,new york,ny,10022
08G340642,12062 branridge rd,875 3rd ave,new york,ny,10022
08F340474,12066 victorian village ct,875 3rd ave,new york,ny,10022
08E610284,12083 garden ln,875 3rd ave,new york,ny,10022
08D141842,12090 madrid ave,875 3rd ave,new york,ny,10022
08G340606,12152 branridge rd,875 3rd ave,new york,ny,10022
08G240142,12155 rollingsford dr,875 3rd ave,new york,ny,10022
08F430245,12292 jerries ln,875 3rd ave,new york,ny,10022
07F210046,12305 rocket dr,875 3rd ave,new york,ny,10022
07F330144,12525 bay shore dr,875 3rd ave,new york,ny,10022
09M210369,12543 missouri bottom rd,875 3rd ave,new york,ny,10022
07F420520,12652 bay tree dr,875 3rd ave,new york,ny,10022
07E520050,12655 countrybrook dr,875 3rd ave,new york,ny,10022
08G640454,12702 willow trail dr,875 3rd ave,new york,ny,10022
07F630941,12810 verwood dr,875 3rd ave,new york,ny,10022
07G210353,12815 high crest st,875 3rd ave,new york,ny,10022
06F310101,12995 verwood dr,875 3rd ave,new york,ny,10022
05J230784,1333 kew gardens dr,875 3rd ave,new york,ny,10022
08J630088,1335 pepperhill dr,875 3rd ave,new york,ny,10022
08K440853,1340 layven ave,875 3rd ave,new york,ny,10022
09E310523,1344 taos dr,875 3rd ave,new york,ny,10022
07K530074,1355 del rey dr,875 3rd ave,new york,ny,10022
09H421082,1365 seminole ln,875 3rd ave,new york,ny,10022
08J630264,1370 bluefield dr,875 3rd ave,new york,ny,10022
09H440706,1375 st anthony ln,875 3rd ave,new york,ny,10022
07J120281,1385 st jean st,875 3rd ave,new york,ny,10022
06K330411,1395 redbird dr,875 3rd ave,new york,ny,10022
06H320142,14035 invicta dr,875 3rd ave,new york,ny,10022
09J140346,1405 gahan dr,875 3rd ave,new york,ny,10022
08E311226,1416 trampe ave,875 3rd ave,new york,ny,10022
07K421053,1420 lindsay ln,875 3rd ave,new york,ny,10022
08J220195,1420 washington st,875 3rd ave,new york,ny,10022
05J540160,1424 woodpath dr,875 3rd ave,new york,ny,10022
10J511612,1430 moran dr,875 3rd ave,new york,ny,10022
06H340481,14316 ocean view ct,875 3rd ave,new york,ny,10022
06G630167,14343 jamestown bay dr,875 3rd ave,new york,ny,10022
06F120111,14389 wild fox ct,875 3rd ave,new york,ny,10022
06G610389,14418 williamsburg manor dr,875 3rd ave,new york,ny,10022
06F210056,14423 foxgate ct,875 3rd ave,new york,ny,10022
05G310176,14444 jamestown bay dr,875 3rd ave,new york,ny,10022
06H240792,14525 mondoubleau ln,875 3rd ave,new york,ny,10022
07K540677,1455 aspen dr,875 3rd ave,new york,ny,10022
09J220338,1455 s new florissant rd,875 3rd ave,new york,ny,10022
06K621043,1478 brenthaven ln,875 3rd ave,new york,ny,10022
10G110365,1501 champlin dr,875 3rd ave,new york,ny,10022
10H430273,1516 n elizabeth ave,875 3rd ave,new york,ny,10022
09E510338,1517 crossett dr,875 3rd ave,new york,ny,10022
08H540276,1520 ascot ter,875 3rd ave,new york,ny,10022
08E240133,1521 trampe ave,875 3rd ave,new york,ny,10022
10G110686,1546 hudson rd,875 3rd ave,new york,ny,10022
06K620471,1560 leisure dr,875 3rd ave,new york,ny,10022
05H110261,15672 karsten dr,875 3rd ave,new york,ny,10022
06K330378,1570 madison ln,875 3rd ave,new york,ny,10022
10J640165,1575 zurich dr,875 3rd ave,new york,ny,10022
05J141211,1585 ventnor pl,875 3rd ave,new york,ny,10022
09H510115,1615 derhake rd,875 3rd ave,new york,ny,10022
09M540062,1622 ville maura ln,875 3rd ave,new york,ny,10022
07J240059,1625 beverly dr,875 3rd ave,new york,ny,10022
06K331083,1645 jackson ln,875 3rd ave,new york,ny,10022
10H430219,1645 zurich dr,875 3rd ave,new york,ny,10022
09E140908,1647 monticello dr,875 3rd ave,new york,ny,10022
05J420237,1649 matlock dr,875 3rd ave,new york,ny,10022
05J530776,1650 woodman dr,875 3rd ave,new york,ny,10022
05J530600,1665 woodman dr,875 3rd ave,new york,ny,10022
09H540943,1695 st anthony ln,875 3rd ave,new york,ny,10022
07J140081,1700 marshall ct,875 3rd ave,new york,ny,10022
15L120451,1718 sims ave,875 3rd ave,new york,ny,10022
08E120387,1724 orletto way,875 3rd ave,new york,ny,10022
07K621363,1740 fenmore dr,875 3rd ave,new york,ny,10022
05J130190,1742 boardwalk ave,875 3rd ave,new york,ny,10022
10G231273,1748 atmore dr,875 3rd ave,new york,ny,10022
07J410317,1750 mark twain dr,875 3rd ave,new york,ny,10022
10G230733,1755 beecher dr,875 3rd ave,new york,ny,10022
10G231062,1757 keelen dr,875 3rd ave,new york,ny,10022
05J130178,1772 boardwalk ave,875 3rd ave,new york,ny,10022
07E140524,1786 edgebriar ln,875 3rd ave,new york,ny,10022
12G530545,1787 nemnich ave,875 3rd ave,new york,ny,10022
07J310206,1800 thunderbird ave,875 3rd ave,new york,ny,10022
11G210510,1813 glenbrae ln,875 3rd ave,new york,ny,10022
16L540883,1813 spencer ave,875 3rd ave,new york,ny,10022
15L220199,1825 spencer ave,875 3rd ave,new york,ny,10022
07K420216,1830 jenkee ave,875 3rd ave,new york,ny,10022
09J630814,1880 allen dr,875 3rd ave,new york,ny,10022
08E130793,1912 lakemont ln,875 3rd ave,new york,ny,10022
12G630113,1915 nemnich rd,875 3rd ave,new york,ny,10022
08E130672,1926 lakeheights ln,875 3rd ave,new york,ny,10022
10G220273,1931 green valley dr,875 3rd ave,new york,ny,10022
10G240064,1931 hudson rd,875 3rd ave,new york,ny,10022
07J420426,1955 apple blossom ct,875 3rd ave,new york,ny,10022
07J630933,1983 greenheath dr,875 3rd ave,new york,ny,10022
06K631042,2009 monks hollow dr,875 3rd ave,new york,ny,10022
13F420204,2021 judy ct,875 3rd ave,new york,ny,10022
07J520076,2030 e humes ln,875 3rd ave,new york,ny,10022
13F420424,2049 coleridge dr,875 3rd ave,new york,ny,10022
08F340562,2059 victorian village dr,875 3rd ave,new york,ny,10022
06K320292,2064 aristocrat dr,875 3rd ave,new york,ny,10022
12F410064,2064 sun valley dr,875 3rd ave,new york,ny,10022
05K310049,2068 hungerford dr,875 3rd ave,new york,ny,10022
13F420873,2075 wedgewood dr,875 3rd ave,new york,ny,10022
06K120168,2085 danelle dr,875 3rd ave,new york,ny,10022
13G340693,2112 lexa dr,875 3rd ave,new york,ny,10022
13G340822,2120 lexa dr,875 3rd ave,new york,ny,10022
07J611420,2125 cottontail dr,875 3rd ave,new york,ny,10022
05K310874,2127 monks hollow dr,875 3rd ave,new york,ny,10022
06J110083,2130 grants pkwy,875 3rd ave,new york,ny,10022
06K520348,2133 coldbrook ct,875 3rd ave,new york,ny,10022
07J330701,2150 oriole dr,875 3rd ave,new york,ny,10022
06K540292,2152 central pkwy,875 3rd ave,new york,ny,10022
06J310557,2155 canterbury dr,875 3rd ave,new york,ny,10022
07J440666,2170 flight dr,875 3rd ave,new york,ny,10022
07J440314,2190 patterson rd,875 3rd ave,new york,ny,10022
07J611365,2205 cottontail dr,875 3rd ave,new york,ny,10022
09F520886,2217 outlook dr,875 3rd ave,new york,ny,10022
10G340137,2221 kipp ct,875 3rd ave,new york,ny,10022
08J620573,2225 parker rd,875 3rd ave,new york,ny,10022
07J520328,2240 spoonwood ln,875 3rd ave,new york,ny,10022
10H430383,2245 n elizabeth ave,875 3rd ave,new york,ny,10022
11F121051,2246 berwyn dr,875 3rd ave,new york,ny,10022
10G620453,2255 ainsworth dr,875 3rd ave,new york,ny,10022
07J611091,2275 glenoro dr,875 3rd ave,new york,ny,10022
05K220872,2285 white ash ct,875 3rd ave,new york,ny,10022
06K530303,2288 kingsford dr,875 3rd ave,new york,ny,10022
09F530148,2291 redman rd,875 3rd ave,new york,ny,10022
07J611002,2295 buttercup dr,875 3rd ave,new york,ny,10022
10G341255,2306 vorhof dr,875 3rd ave,new york,ny,10022
06K530325,2316 millvalley dr,875 3rd ave,new york,ny,10022
06J110904,2320 grants pkwy,875 3rd ave,new york,ny,10022
09F540181,2327 fair acres rd,875 3rd ave,new york,ny,10022
07J520658,2335 bramble ln,875 3rd ave,new york,ny,10022
07J520834,2346 bramble ln,875 3rd ave,new york,ny,10022
06K540511,2354 stoney end ct,875 3rd ave,new york,ny,10022
09F530038,2355 redman rd,875 3rd ave,new york,ny,10022
06K530732,2361 battlefield dr,875 3rd ave,new york,ny,10022
06J111248,2365 grants pkwy,875 3rd ave,new york,ny,10022
08J320426,2405 brook dr,875 3rd ave,new york,ny,10022
08J320217,2410 brook dr,875 3rd ave,new york,ny,10022
06H130022,2415 greenbriar dr,875 3rd ave,new york,ny,10022
08J320514,2420 cherry ln,875 3rd ave,new york,ny,10022
09J641221,2425 allen dr,875 3rd ave,new york,ny,10022
11F211161,2430 berwyn dr,875 3rd ave,new york,ny,10022
08J320493,2440 cherry ln,875 3rd ave,new york,ny,10022
08J620506,2440 parker rd,875 3rd ave,new york,ny,10022
06K610427,2471 rhapsody ln,875 3rd ave,new york,ny,10022
06J120862,2475 6th ln,875 3rd ave,new york,ny,10022
06L320905,2475 jenkee dr,875 3rd ave,new york,ny,10022
06K111236,2483 soundview ct,875 3rd ave,new york,ny,10022
06L320895,2485 jenkee dr,875 3rd ave,new york,ny,10022
06K130970,2486 clovermere ct,875 3rd ave,new york,ny,10022
06K420161,2490 flamingo dr,875 3rd ave,new york,ny,10022
09F130177,2500 dukeland dr,875 3rd ave,new york,ny,10022
06H130361,2540 yorkshire dr,875 3rd ave,new york,ny,10022
09G340210,2543 dukeland dr,875 3rd ave,new york,ny,10022
06J140806,2555 grants pkwy,875 3rd ave,new york,ny,10022
13G540462,2555 hord ave,875 3rd ave,new york,ny,10022
06J211041,2555 patterson rd,875 3rd ave,new york,ny,10022
09G321400,2560 dukeland dr,875 3rd ave,new york,ny,10022
06K420370,2560 pheasant dr,875 3rd ave,new york,ny,10022
06K630041,2561 courtyard pl,875 3rd ave,new york,ny,10022
06J140851,2565 grants pkwy,875 3rd ave,new york,ny,10022
12G340713,2587 robley dr,875 3rd ave,new york,ny,10022
12G240503,2622 daman ct,875 3rd ave,new york,ny,10022
08H410124,2625 belair ter,875 3rd ave,new york,ny,10022
09G330806,2644 garham dr,875 3rd ave,new york,ny,10022
06J230345,2645 patterson rd,875 3rd ave,new york,ny,10022
09G330684,2647 farber dr,875 3rd ave,new york,ny,10022
09G330705,2655 farber dr,875 3rd ave,new york,ny,10022
06K421063,2665 flamingo dr,875 3rd ave,new york,ny,10022
09G240385,2711 liberty landing ct,875 3rd ave,new york,ny,10022
06H140968,2718 westminster dr,875 3rd ave,new york,ny,10022
06J230125,2725 benne dr,875 3rd ave,new york,ny,10022
08H111012,2780 st catherine st,875 3rd ave,new york,ny,10022
14J120177,2827 old hanley rd,875 3rd ave,new york,ny,10022
06H140171,2848 westminster dr,875 3rd ave,new york,ny,10022
09H431025,2860 holiday hl,875 3rd ave,new york,ny,10022
07J640745,2865 sussex dr,875 3rd ave,new york,ny,10022
14J121244,2924 lyndhurst ave,875 3rd ave,new york,ny,10022
09H441123,3015 kingsley dr,875 3rd ave,new york,ny,10022
12G120319,3037 meadowlark ave,875 3rd ave,new york,ny,10022
09H441299,3060 blackwood dr,875 3rd ave,new york,ny,10022
08H120506,3070 durwood dr,875 3rd ave,new york,ny,10022
14L410722,3106 pearl harbor dr,875 3rd ave,new york,ny,10022
08H210504,3120 durwood dr,875 3rd ave,new york,ny,10022
06J310801,3120 heatherton dr,875 3rd ave,new york,ny,10022
14L620950,3203 marvin ave,875 3rd ave,new york,ny,10022
05J220213,3242 malinda ct,875 3rd ave,new york,ny,10022
05J220554,3243 yvette ct,875 3rd ave,new york,ny,10022
07H230097,3245 santiago dr,875 3rd ave,new york,ny,10022
07H220263,3310 hambletonian dr,875 3rd ave,new york,ny,10022
08H220671,3325 tom sawyer dr,875 3rd ave,new york,ny,10022
05J510822,3558 whispering woods dr,875 3rd ave,new york,ny,10022
08H310714,3655 st catherine st,875 3rd ave,new york,ny,10022
13M540692,3660 dixie dr,875 3rd ave,new york,ny,10022
15H611266,3706 colonial ave,875 3rd ave,new york,ny,10022
15H620154,3722 lawler dr,875 3rd ave,new york,ny,10022
05J540094,3727 briargrove dr,875 3rd ave,new york,ny,10022
12M310175,3729 dixie dr,875 3rd ave,new york,ny,10022
15H630395,4002 colonial ave,875 3rd ave,new york,ny,10022
08H640068,4070 nara dr,875 3rd ave,new york,ny,10022
15G430901,4128 ammann ln,875 3rd ave,new york,ny,10022
13J110342,4217 smithfield pl,875 3rd ave,new york,ny,10022
06G130162,4231 river oaks dr,875 3rd ave,new york,ny,10022
09G420312,4327 sulla dr,875 3rd ave,new york,ny,10022
09G440952,4408 vandals dr,875 3rd ave,new york,ny,10022
09G510392,4413 remus dr,875 3rd ave,new york,ny,10022
07G120098,4430 tanglebrook dr,875 3rd ave,new york,ny,10022
08G420410,4440 parker rd,875 3rd ave,new york,ny,10022
09G440190,4467 caracalla dr,875 3rd ave,new york,ny,10022
09J340128,4505 washington st,875 3rd ave,new york,ny,10022
09M130124,4813 cherry blossom ln,875 3rd ave,new york,ny,10022
09N340245,4816 tall tree ln,875 3rd ave,new york,ny,10022
09M130674,4841 rose blossom ln,875 3rd ave,new york,ny,10022
08G210255,4842 bristol rock rd,875 3rd ave,new york,ny,10022
09G520160,4846 cloverfield trl,875 3rd ave,new york,ny,10022
09G610546,4853 pineneedle trl,875 3rd ave,new york,ny,10022
09M240344,5152 auriesville ln,875 3rd ave,new york,ny,10022
09M231016,5180 carey ln,875 3rd ave,new york,ny,10022
08G621028,5237 trailview dr,875 3rd ave,new york,ny,10022
07F110100,5255 springtrail dr,875 3rd ave,new york,ny,10022
09M540446,5323 ville cecelia ln,875 3rd ave,new york,ny,10022
08G320794,5324 abington rd,875 3rd ave,new york,ny,10022
08G620258,5332 branridge rd,875 3rd ave,new york,ny,10022
09M540479,5336 ville cecelia ln,875 3rd ave,new york,ny,10022
08G620599,5353 branridge rd,875 3rd ave,new york,ny,10022
08F431246,5374 trailview dr,875 3rd ave,new york,ny,10022
08F430993,5379 trailoaks dr,875 3rd ave,new york,ny,10022
06G620289,5570 delcastle dr,875 3rd ave,new york,ny,10022
13G210325,5608 sapphire ave,875 3rd ave,new york,ny,10022
06G620553,5707 hidden cove ln,875 3rd ave,new york,ny,10022
13H511153,5904 sheriton dr,875 3rd ave,new york,ny,10022
13H530628,6009 bermuda dr,875 3rd ave,new york,ny,10022
06F120263,6071 silver fox dr,875 3rd ave,new york,ny,10022
09L220237,6114 fee fee rd,875 3rd ave,new york,ny,10022
11J211650,6134 shillington ln,875 3rd ave,new york,ny,10022
06F140052,6155 fox chase ct,875 3rd ave,new york,ny,10022
06F210375,6176 silver fox dr,875 3rd ave,new york,ny,10022
06F210403,6208 silver fox dr,875 3rd ave,new york,ny,10022
08F530822,6250 pennyrich ct,875 3rd ave,new york,ny,10022
08F510259,6333 coventry dr,875 3rd ave,new york,ny,10022
06F220066,6365 silver fox dr,875 3rd ave,new york,ny,10022
06F220110,6370 silver fox dr,875 3rd ave,new york,ny,10022
08F221081,6520 los cimas dr,875 3rd ave,new york,ny,10022
11J430202,6523 january ave,875 3rd ave,new york,ny,10022
06F240745,6540 silver fox dr,875 3rd ave,new york,ny,10022
11J530683,6613 torlina dr,875 3rd ave,new york,ny,10022
11J530742,6617 torlina dr,875 3rd ave,new york,ny,10022
08F241078,6621 champana ln,875 3rd ave,new york,ny,10022
08F241089,6631 champana ln,875 3rd ave,new york,ny,10022
06F330143,6640 silver fox dr,875 3rd ave,new york,ny,10022
07F540882,6656 foothills ct,875 3rd ave,new york,ny,10022
08F240101,6680 foxshire dr,875 3rd ave,new york,ny,10022
07F540925,6692 lesli mari ct,875 3rd ave,new york,ny,10022
10K320213,6701 alder ave,875 3rd ave,new york,ny,10022
08F610018,6710 foxshire dr,875 3rd ave,new york,ny,10022
06F310343,6720 foxbend ct,875 3rd ave,new york,ny,10022
08F330662,6722 champana ln,875 3rd ave,new york,ny,10022
10J131041,6853 frostview ln,875 3rd ave,new york,ny,10022
15H221371,6901 myron ave,875 3rd ave,new york,ny,10022
10J141260,6920 midwood ave,875 3rd ave,new york,ny,10022
07F340583,6933 parc charlene dr,875 3rd ave,new york,ny,10022
17J520910,7032 julian ave,875 3rd ave,new york,ny,10022
14H340969,7112 willow wood dr,875 3rd ave,new york,ny,10022
10J430197,7202 berkridge dr,875 3rd ave,new york,ny,10022
16J330455,7220 teal ave,875 3rd ave,new york,ny,10022
10J430582,7225 berkridge dr,875 3rd ave,new york,ny,10022
10J430625,7229 berkridge dr,875 3rd ave,new york,ny,10022
10J430296,7250 susie ct,875 3rd ave,new york,ny,10022
10J430607,7269 boellner dr,875 3rd ave,new york,ny,10022
12H240229,7557 rowles ave,875 3rd ave,new york,ny,10022
13H520151,7709 paddington dr,875 3rd ave,new york,ny,10022
12H211427,7711 woodstock rd,875 3rd ave,new york,ny,10022
13H531122,7729 brand ave,875 3rd ave,new york,ny,10022
14H440362,7733 nacomis dr,875 3rd ave,new york,ny,10022
13H510103,7748 paddington dr,875 3rd ave,new york,ny,10022
13H510305,7832 dartmoor dr,875 3rd ave,new york,ny,10022
11J230121,8122 rector dr,875 3rd ave,new york,ny,10022
15J430125,8129 st charles ln,875 3rd ave,new york,ny,10022
10J140094,8300 woodhurst dr,875 3rd ave,new york,ny,10022
10J140106,8302 woodhurst dr,875 3rd ave,new york,ny,10022
16K210721,8323 archer ave,875 3rd ave,new york,ny,10022
16K640621,8334 jackson ave,875 3rd ave,new york,ny,10022
10J420716,8366 gladys dr,875 3rd ave,new york,ny,10022
10J110075,8437 january ave,875 3rd ave,new york,ny,10022
10J131214,8444 jacklin ave,875 3rd ave,new york,ny,10022
13K330808,8593 harold dr,875 3rd ave,new york,ny,10022
14K611393,8620 belhaven dr,875 3rd ave,new york,ny,10022
13G330463,8622 octavia ave,875 3rd ave,new york,ny,10022
14K540035,8680 belhaven dr,875 3rd ave,new york,ny,10022
14K230297,8730 windom ave,875 3rd ave,new york,ny,10022
14J140098,8802 kendale dr,875 3rd ave,new york,ny,10022
12G310554,8813 wiedle pl,875 3rd ave,new york,ny,10022
12G340300,8814 sumter dr,875 3rd ave,new york,ny,10022
13K240992,8818 harold dr,875 3rd ave,new york,ny,10022
13G620964,8842 shady grove ave,875 3rd ave,new york,ny,10022
13F430580,8882 cozens ave,875 3rd ave,new york,ny,10022
14J130286,8901 somerset ln,875 3rd ave,new york,ny,10022
14J141143,8926 marcella ave,875 3rd ave,new york,ny,10022
13L640843,9467 margo ann ln,875 3rd ave,new york,ny,10022
13L641112,9524 stansberry ave,875 3rd ave,new york,ny,10022
12L320131,9613 st jerome ln,875 3rd ave,new york,ny,10022
12G530183,9625 glen owen dr,875 3rd ave,new york,ny,10022
12F530393,9712 portage dr,875 3rd ave,new york,ny,10022
14L520344,9721 baltimore ave,875 3rd ave,new york,ny,10022
12E530662,9740 calumet dr,875 3rd ave,new york,ny,10022
11F110143,9743 edgefield dr,875 3rd ave,new york,ny,10022
12G441133,9757 dennis dr,875 3rd ave,new york,ny,10022
11G120356,9758 lorna ln,875 3rd ave,new york,ny,10022
11G210886,9770 scottdale dr,875 3rd ave,new york,ny,10022
11F210711,9813 wendell dr,875 3rd ave,new york,ny,10022
11F121363,9814 monarch dr,875 3rd ave,new york,ny,10022
13L521014,9827 winn dr,875 3rd ave,new york,ny,10022
11G121162,9830 dennis dr,875 3rd ave,new york,ny,10022
11F210519,9840 omega dr,875 3rd ave,new york,ny,10022
11E320545,9846 rivermont dr,875 3rd ave,new york,ny,10022
11G121575,9850 dennis dr,875 3rd ave,new york,ny,10022
11F230191,9908 castle dr,875 3rd ave,new york,ny,10022
11E210848,9943 gloucester dr,875 3rd ave,new york,ny,10022
11F140632,9953 duke dr,875 3rd ave,new york,ny,10022
28H642134,9963 meadow ave,875 3rd ave,new york,ny,10022
12J310934,454 s dade ave,875 3rd ave,new york,ny,10022
28V130780,17254 hilltop ridge dr,440 s lasalle st,chicago,il,60605
18M610174,10 glenview rd,po box 11356,saint louis,mo,63105
12J432092,5941 evergreen blvd,116-39 228th st,international,international,99999
22J520167,7141 kensington ave,psc 557 box 514,international,international,99999
11F120052,2209 kerwin dr,,,,
13K421443,9238 guthrie ave,11737 central parkway,jacksonville,fl,32224
10G220145,10316 deem dr,po box 182,international,international,99999
11J220692,6100 wulff dr,,,,
18K420337,3 delcrest ct,426 carswold,clayton,mo,63105
12J330891,523 graf ave,4625 lindell blvd,saint louis,mo,63108
13G240034,8320 eton pl,18 simcock st,international,international,99999
13M620907,10532 st henry ln,3476 stateview blvd,fort mill,sc,29715
05J110301,1271 spartina dr,3476 stateview blvd,fort mill,sc,29715
09E520041,1452 bayonne dr,3476 stateview blvd,fort mill,sc,29715
23V240501,16044 sandalwood creek dr,3476 stateview blvd,fort mill,sc,29715
06K640611,1625 emerald creek dr,3476 stateview blvd,fort mill,sc,29715
14L620444,3106 pasteur ave,3476 stateview blvd,fort mill,sc,29715
15H620202,3724 lawler dr,3476 stateview blvd,fort mill,sc,29715
12H110667,414 dorchester pl,3476 stateview blvd,fort mill,sc,29715
07G320474,5022 trailbend dr,3476 stateview blvd,fort mill,sc,29715
31H140791,5442 alnwick dr,3476 stateview blvd,fort mill,sc,29715
15J220025,7532 cory pl,3476 stateview blvd,fort mill,sc,29715
13F410771,2154 fairhaven dr,3476 stateview blvd,fort mill,sc,29715
11E620607,331 crawford rd,3476 stateview blvd,fort mill,sc,29715
23R640235,412 ballwin ave,3476 stateview blvd,fort mill,sc,29715
11F610322,10055 hedge dr,345 st peters st,st paul,mn,55102
15L610303,9509 trescott ave,345 st peters st,st paul,mn,55102
19J230226,31 ridgemoor dr,,,,
17N230462,701 n mosley rd,768 u s highway 51 south,clinton,ky,42031
19H110826,6330 s rosebury ave,6005 baydy peak rd,osage beach,mo,65065
21R431851,15009 claymoor ct,fracc rio neuvo,international,international,99999
25P420864,895 forest ave,fracc rio neuvo,international,international,99999
13F140906,1920 park ln,1920 park ln,saint louis,mo,63136
08E321072,1217 lakeview ave,4 shakespeare terrace,international,international,99999
17K220994,8112 tulane ave,,,,
22R530117,323 shady meadows dr,400 e high st,jefferson city,mo,65102
08J331196,1965 st joseph st,17410 country lake estate rdg,chesterfield,mo,63005
11J311662,52 n dade ave,po box 1409,jerfferson city,mo,65102
18H421080,711 eastgate ave,1 brookings dr.,saint louis,mo,63130
18H421079,717 eastgate ave,1 brookings dr.,saint louis,mo,63130
18H421068,721 eastgate ave,1 brookings dr.,saint louis,mo,63130
18H420386,736 eastgate ave,1 brookings dr.,saint louis,mo,63130
18H420421,740 eastgate ave,1 brookings dr.,saint louis,mo,63130
18H421343,741 eastgate ave,1 brookings dr.,saint louis,mo,63130
18H420452,746 eastgate ave,1 brookings dr.,saint louis,mo,63130
18H420485,800 eastgate ave,1 brookings dr.,saint louis,mo,63130
18H420614,812 eastgate ave,1 brookings dr.,saint louis,mo,63130
18H421112,816 eastgate ave,1 brookings dr.,saint louis,mo,63130
22Q240101,1222 iron warrior ln,2168 town center rd,juda,wi,53550
22Q520463,609 marcel dr,15 norman rd,international,international,99999
11F441537,10300 lord dr,1925 grand ave,billings,mt,59102
11E641662,10514 gretna cir,1925 grand ave,billings,mt,59102
12G530729,9719 millburn dr,1925 grand ave,billings,mt,59102
10G230852,1817 prior dr,95-226 kaukini pl,milliani,hi,96789
12G220336,2614 solway ave,7 hillstowe mews,international,international,99999
12J310871,461 s dade ave,7 hillstowe mews,international,international,99999
09E541886,1436 redman blvd,54 nimmanhaemin rd,international,international,99999
13F141602,1810 mora ln,56 minna st,international,international,99999
11J530760,6612 dunwold dr,56 minna st,international,international,99999
08E311512,11880 criterion ave,94-1021 mawaho st,waipahu,hi,96797
11D130464,10053 grosvenor dr,328 chresthaven pl,international,international,99999
14G212717,5251 jennings station rd,500 volvo parkway,chesapeake,va,23320
08D120102,952 broadhead ln,8950 cypress waters blvd,coppell,tx,75019
21L330095,1038 rockman pl,8950 cypress waters blvd,coppell,tx,75019
12O340648,12059 colonial dr,8950 cypress waters blvd,coppell,tx,75019
13J140097,4237 smithfield pl,345 st peters st,st paul,mn,55102
11F411240,10058 viscount dr,345 st peters st,st paul,mn,55102
25M430615,1014 lacouer dr,345 st peters st,st paul,mn,55102
16M140543,10335 forest brook ln,345 st peters st,st paul,mn,55102
11E630332,10425 renfrew dr,345 st peters st,st paul,mn,55102
17K610098,1106 mona dr,345 st peters st,st paul,mn,55102
10E111182,1124 hoyt dr,345 st peters st,st paul,mn,55102
09G610788,11444 tobaggon trl,345 st peters st,st paul,mn,55102
11F320243,1200 admiral dr,345 st peters st,st paul,mn,55102
17J530249,1241 meyer st,345 st peters st,st paul,mn,55102
27G111274,130 w felton ave,345 st peters st,st paul,mn,55102
16J311096,1333 pennsylvania ave,345 st peters st,st paul,mn,55102
07H220175,13550 new halls ferry rd,345 st peters st,st paul,mn,55102
09E520393,1461 crossett dr,345 st peters st,st paul,mn,55102
05F130074,15565 old jamestown rd,345 st peters st,st paul,mn,55102
27H312540,1714 herault pl,345 st peters st,st paul,mn,55102
07J610485,2245 montagne dr,345 st peters st,st paul,mn,55102
30U440081,308 williams dr,345 st peters st,st paul,mn,55102
06G220634,312 behlmann meadows way,345 st peters st,st paul,mn,55102
14H140998,334 bermuda dr,345 st peters st,st paul,mn,55102
05J510899,3448 whispering woods dr,345 st peters st,st paul,mn,55102
15G140547,3934 council grove ave,345 st peters st,st paul,mn,55102
14G611442,5609 helen ave,345 st peters st,st paul,mn,55102
30J620404,618 ivygate dr,345 st peters st,st paul,mn,55102
08L220391,751 riderwood dr,345 st peters st,st paul,mn,55102
24J220056,7925 navajoe st,345 st peters st,st paul,mn,55102
16L120045,9528 laguna dr,345 st peters st,st paul,mn,55102
24Q110473,980 claygate ct,345 st peters st,st paul,mn,55102
11E320172,9828 jeffrey dr,345 st peters st,st paul,mn,55102
11F120906,2247 hollis dr,1724 scherer pkwy,saint charles,mo,63303
14G520982,5542 janet ave,po box 300326,kansas city,mo,64130
13G320114,8505 hamilton ave,po box 300326,kansas city,mo,64130
23T431297,16062 manchester rd,38 fountain square plaza,cincinnati,oh,45263
11G220492,1832 glenbrae ln,38 fountain square plaza,cincinnati,oh,45263
20J140785,1430 bredell ave,38 fountain square plaza,cincinnati,oh,45263
07J210942,32 marquette dr,38 fountain square plaza,cincinnati,oh,45263
09M520657,5253 ville angela ln,38 fountain square plaza,cincinnati,oh,45263
07K420634,715 herbst dr,38 fountain square plaza,cincinnati,oh,45263
21M320408,857 rolfe dr,po box 14407,st petersberg,fl,33733
10J521521,37 anistasia dr,584 krug st,international,international,99999
24L620531,157 central ave,14 a buckley rd,international,international,99999
20K131876,1527 swallow dr,10 vivian close,international,international,99999
23R331191,500 chamberlin dr,10 vivian close,international,international,99999
11D410076,10310 ross cir,3 westwood country club,saint louis,mo,63131
11J121043,8259 fay dr,3 westwood country club,saint louis,mo,63131
20U640334,2004 kingspointe dr,2004 kingspointe dr,chesterfield,mo,63005
20N330171,14 chipper rd,6300 zug,international,international,99999
07L330334,1 pratt pl,100 oliver st,boston,ma,02110
12H140936,31 patricia ave,1841 sherman dr,saint charles,mo,63303
14G420781,5425 fletcher st,91-214 hoola way,ewa beach,hi,96706
08F410599,5555 parker rd,1507 roberval ave,international,international,99999
14L521114,9648 breckenridge rd,1507 roberval ave,international,international,99999
15H341224,3714 avondale ave,2 acorn st,international,international,99999
07K140961,1655 naomi ave,r 1 box 489,woodlawn,il,62898
12F530461,9726 cambria dr,160 verlings ln,international,international,99999
14K220641,8646 argyle ave,60 livingston ave,st paul,mn,55107
16G430494,2409 kienlen ave,,,,
16Q520220,291 ridge trail ct,6330 waterbury rd,international,international,99999
24P121720,278 arbor place ln,278 arbor place ln,valley park,mo,63088
12G620552,2028 jannette dr,87 berech hashalom 87,international,international,99999
09E620404,1147 baron ave,3 juniper pl,international,international,99999
08H410410,1165 paddock dr,2 hayarden st,international,international,99999
08E210611,11849 bellefontaine rd,po box 97,international,international,99999
17K320522,7730 burr oak ln,65 high park ave,international,international,99999
28H621575,9974 lark ave,,,,
17J520152,7043 corbitt ave,60 east simpson ave,jackson,wy,83001
24V140253,17008 westridge oaks dr,psc 45 box 367,international,international,63040
06J210040,520 moule dr,5323 highway n,cottleville,mo,63338
08K140841,975 kostka ln,5323 highway n,cottleville,mo,63338
11G540923,10219 green valley dr,619 exeter way,international,international,99999
09L631000,608 holiday ave,36b bingara crescent,international,international,99999
16J220895,1537 nixon ave,704-1088 quebec st,international,international,99999
26H631121,4134 debra ct,2s400 burning trail,wheaton,il,60189
17L220212,26 enfield rd,hwy 200 16700 unit 103,hope,id,83864
23V230757,2312 sandalwood creek ct,3 leonard dr,international,international,99999
17H411035,6541 julian ave,16 beit,international,international,99999
14G112031,4710 roxie st,10050101st st,international,international,99999
15H521671,3422 lucas and hunt rd,426 princess ave,international,international,99999
14G530284,5516 fair ridge ct,1841 sherman dr,saint charles,mo,63303
21J210571,3100 walter ave,267 wilderness way,sussex,wi,53089
16J220059,1200 verl pl,15967 state highway 47,marthasville,mo,63357
13G241280,8419 carl ave,1841 sherman dr,saint charles,mo,63303
11J410541,6310 hancock ave,9 ballantyne,international,international,99999
11E610891,10243 hobkirk dr,619 exter way,international,international,99999
11E610211,10203 hobkirk dr,619 exter way,international,international,99999
25L530833,1318 liggett dr,emile banning 97,international,international,99999
16H521412,6562 leschen ave,700 central expressway south,allen,tx,75013
12G440712,9721 vickie pl,700 central expressway south,allen,tx,75013
15H540261,7204 normandy pl,10420 hwy 19,cuba,mo,65453
10J410672,7008 marlac dr,,,,
11F120814,2227 hollis dr,4400 will rogers parkway,oklahoma city,ok,73108
11F611011,10092 ashbrook dr,4400 will rogers parkway,oklahoma city,ok,73108
13M540661,10873 dundee pl,4400 will rogers parkway,oklahoma city,ok,73108
08K341051,11 st charles st,4400 will rogers parkway,oklahoma city,ok,73108
10J521464,128 buddie ave,4400 will rogers parkway,oklahoma city,ok,73108
07E440604,12931 vista ridge ln,4400 will rogers parkway,oklahoma city,ok,73108
17K640952,1314 mount olive ave,4400 will rogers parkway,oklahoma city,ok,73108
08J620649,1320 arlington dr,4400 will rogers parkway,oklahoma city,ok,73108
12G431161,1336 fargo dr,4400 will rogers parkway,oklahoma city,ok,73108
16K121575,1404 coolidge dr,4400 will rogers parkway,oklahoma city,ok,73108
09M110072,1714 rose crest dr,4400 will rogers parkway,oklahoma city,ok,73108
28W640123,17427 thunder valley dr,4400 will rogers parkway,oklahoma city,ok,73108
06K230410,2040 flamingo dr,4400 will rogers parkway,oklahoma city,ok,73108
11F120337,2244 lovett dr,4400 will rogers parkway,oklahoma city,ok,73108
07J530118,2325 orleans ln,4400 will rogers parkway,oklahoma city,ok,73108
05J130211,2993 matlock dr,4400 will rogers parkway,oklahoma city,ok,73108
14K510896,3318 marshall ave,4400 will rogers parkway,oklahoma city,ok,73108
14K441299,3514 charlack ave,4400 will rogers parkway,oklahoma city,ok,73108
25H140273,4938 heege rd,4400 will rogers parkway,oklahoma city,ok,73108
12H210262,6121 bermuda dr,4400 will rogers parkway,oklahoma city,ok,73108
16H341434,6319 audrey ave,4400 will rogers parkway,oklahoma city,ok,73108
25J110860,6808 weber rd,4400 will rogers parkway,oklahoma city,ok,73108
08K240235,681 southwell ln,4400 will rogers parkway,oklahoma city,ok,73108
17J640591,6819 primrose ave,4400 will rogers parkway,oklahoma city,ok,73108
08K240246,685 southwell ln,4400 will rogers parkway,oklahoma city,ok,73108
28P620722,72 mcintyre dr,4400 will rogers parkway,oklahoma city,ok,73108
15K321356,8315 eads ave,4400 will rogers parkway,oklahoma city,ok,73108
14J510314,8661 trumbell ave,4400 will rogers parkway,oklahoma city,ok,73108
13G630442,8804 corwin dr,4400 will rogers parkway,oklahoma city,ok,73108
14K140691,8907 windom ave,4400 will rogers parkway,oklahoma city,ok,73108
11G121474,9849 dennis dr,4400 will rogers parkway,oklahoma city,ok,73108
17K620305,1118 wilshire ave,4400 will rogers parkway,oklahoma city,ok,73108
13O240987,11903 ameling rd,4400 will rogers parkway,oklahoma city,ok,73108
23T510512,317 carmel woods dr,4400 will rogers parkway,oklahoma city,ok,73108
12E630340,9712 diamond dr,4400 will rogers parkway,oklahoma city,ok,73108
24L221099,1414 grant rd,456 box 125,international,international,99999
18S330544,15431 conway rd,255 washington st,newton,ma,02458
13M620277,10511 st xavier ln,1 mortgage way,mt laurel,nj,08054
17J620571,1200 ferguson ave,1 mortgage way,mt laurel,nj,08055
07K520767,1310 estes dr,1 mortgage way,mt laurel,nj,08056
09H541058,2308 birch hill dr,1 mortgage way,mt laurel,nj,08057
12G210023,2809 glendale ave,1 mortgage way,mt laurel,nj,08058
13N340857,3216 bristolhall dr,1 mortgage way,mt laurel,nj,08059
15G131949,4001 oakwood ave,1 mortgage way,mt laurel,nj,08060
08G220452,4935 wickham fen rd,1 mortgage way,mt laurel,nj,08061
07K340147,6 sharon ct,1 mortgage way,mt laurel,nj,08062
16J120432,7345 hawthorne ave,1 mortgage way,mt laurel,nj,08063
13G330564,8525 clifton ave,1 mortgage way,mt laurel,nj,08064
19J310834,6525 san bonita ave,1 mortgage way,mt laurel,nj,08065
08L310128,717 riderwood dr,208 zhongxing st,international,international,99999
09M141180,4975 hurstborough ct,3801 mckelvey rd,saint louis,mo,63044
23O440115,745 haw thicket ln,po box 13929,arlington,tx,76094
15K530433,2452 ashland ave,8001 clayton rd,saint louis,mo,63117
27G440635,338 horn ave,8001 clayton rd,saint louis,mo,63117
14H520570,7347 overbrook dr,99/10 hashalom,international,international,99999
14G330392,5440 hamilton ave,,,,
13F130538,8765 wescott ave,,,,
10J521486,130 buddie ave,3 elkabetz st,international,international,99999
08E110564,11846 jenner ln,47-527 henoheno st,kaneohe,hi,96744
27V230111,43 rockwood forest hl,7000 bahia beach blvd,rio grande,pr,00745
11G540684,10193 green valley dr,,,,
14G330857,6343 emma ave,5 haimo rd,international,international,99999
06J420063,2787 dawnview dr,po box 7410,overland park,ks,66207
15O110262,12639 westport dr,4325 southwood st,international,international,99999
16J130189,1518 eastmont pl,16 saxelby st,international,international,99999
25H210976,4654 seibert ave,4153 broadway,kansas city,mo,64171
13K421245,9227 tutwiler ave,4153 broadway,kansas city,mo,64171
27J320445,4140 henzler dr,1316 county rd,hortonville,wi,54944
11E320710,9926 jeffrey dr,1841 sherman dr,saint charles,mo,63303
15G412013,3838 avondale ave,6/8 louise st,international,international,99999
23L340096,115 waverly pl,po box 130,conrad,ia,50621
28H640606,9947 lark ave,1000 blue gentian rd,egan,mn,55121
08E320813,1214 lakeview ave,3415 vision dr,columbus,oh,43219
07K631207,1355 loveland dr,3415 vision dr,columbus,oh,43219
07K521120,160 cortez dr,3415 vision dr,columbus,oh,43219
28H231075,2535 rosegarden dr,3415 vision dr,columbus,oh,43219
12O320976,2935 sprucewood dr,3415 vision dr,columbus,oh,43219
12H220841,6155 emerald ave,3415 vision dr,columbus,oh,43219
08F610030,6750 foxshire dr,3415 vision dr,columbus,oh,43219
07K420546,730 gerald ave,3415 vision dr,columbus,oh,43219
16K230266,8255 fullerton ave,3415 vision dr,columbus,oh,43219
14J440091,8921 ramona ave,16350 e arapahoe rd,foxfield,co,80016
12G140265,9112 ellison dr,184 parke ave,international,international,99999
14G610089,5532 hamilton ave,7596 188 st,international,international,99999
10F121355,10432 count dr,375 shawnessy dr,international,international,99999
17J611397,7007 melrose ave,7007 melrose ave,saint louis,mo,63130
07E310026,1510 leonaire ct,113 bray rd,international,international,99999
17J610989,7015 julian ave,10 asael st,international,international,99999
10G640437,2240 heritage dr,36b bingara crescent,international,international,99999
07J511144,340 patterson ln,36b bingara crescent,international,international,99999
10J130417,6812 st olaf dr,36b bingara crescent,international,international,99999
11F130219,9851 monarch dr,36b bingara crescent,international,international,99999
19J440315,7364 northmoor dr,8909 north swan cir,saint louis,mo,63105
20K230793,1623 e swan cir,8909 north swan cir,saint louis,mo,63105
18K221633,8251 parkside dr,8251 parkside dr,saint louis,mo,63105
17L630480,1139 hilltop dr,231 s bemiston ave,clayton,mo,63105
17L630534,1143 hilltop dr,231 s bemiston ave,clayton,mo,63105
10G220558,1912 paducah dr,3a hankin st,international,international,99999
11F140852,9882 lawnview dr,4834 greenburg dr,saint charles,mo,63304
09E620471,11649 larimore rd,92-612 welo st,kapolei,hi,96707
12G630562,9536 winkler dr,po box 3s,international,international,99999
11G611001,10137 crown point dr,3305 clark lane,columbia,mo,65202
10J511223,133 gladys ave,3305 clark lane,columbia,mo,65202
13G620593,2326 hord ave,3305 clark lane,columbia,mo,65202
14H340529,4707 nelson dr,3305 clark lane,columbia,mo,65202
13H140999,5613 parchester dr,3305 clark lane,columbia,mo,65202
15G431616,6707 daiber st,3305 clark lane,columbia,mo,65202
12J320056,8429 hawkesbury dr,3305 clark lane,columbia,mo,65202
11G221015,9804 tullamoor dr,3305 clark lane,columbia,mo,65202
14G620550,5664 hamilton ave,1841 sherman dr,saint charles,mo,63303
13G520644,2509 shirley ave,1841 sherman dr,saint charles,mo,63303
16L540663,9571 pagewood ave,tarpav 1,international,international,99999
15L420047,2223 sims ave,24 revivm,international,international,99999
14K540741,8673 hagner ave,24 revivm,international,international,99999
15L620803,9209 palmer ave,24 revivm,international,international,99999
11J430734,8361 pepperidge dr,9 carlton st,international,international,99999
10J120865,8317 frost ave,42 gladstone,international,international,99999
23M520624,442 e essex ave,442 e essex ave,saint louis,mo,63122
12N412342,3100 autumn trace dr,44-450 camino lavanda,la qunita,ca,92253
14L210962,2536 sims ave,4425 ponce de leon blvd,coral gables,fl,33146
13G140475,5630 gatesworth ave,4425 ponce de leon blvd,coral gables,fl,33146
06J541117,755 liberty village dr,po box 1030,international,international,99999
24M120782,828 minnie ave,1377 caramel cres,international,international,99999
08E630534,1421 san salvador dr,45-675 keneke st,kaneohe,hi,96744
13L121230,3437 wright ave,27E Block 2,international,international,99999
13G311185,8344 strathmore pl,21 janlan sss5a,international,international,99999
13G541283,2607 winfred ave,1841 sherman dr,saint charles,mo,63303
08E220070,1451 redman blvd,carrera 19a,international,international,99999
21L130381,9855 waterbury dr,2s119 nelson lake rd,batavia,il,60510
06K510910,2236 foggy bottom dr,143 xixi rd,international,international,99999
09G320311,2523 haber dr,7750 maryland,saint louis,mo,63105
23P241236,1708 highview circle ct,1708 highview circle ct,ballwin,mo,63021
13G330500,8517 clifton ave,,,,
11D410153,320 cameron rd,,,,
29Q611258,1418 durango ln,carrera 30,international,international,99999
10F140394,10520 baron dr,po box 68146,international,international,99999
18M140561,10333 white bridge ln,211 n broadway,saint louis,mo,63102
06J230356,645 sherwood dr,645 sherwood dr,florissant,mo,63031
23S310540,221 bitterwood dr,s 75 w 17701 harbor cir,muskego,wi,53150
13G510726,2619 avie dr,,,,
10F131237,10626 hallwood ct,1 corporate dr,lake zurich,il,60047
06K521196,1908 suns up ct,38B tower 2,international,international,99999
21K421211,2444 bremerton rd,1 impasse de galbe,international,international,99999
10G410582,10873 west florissant ave,110 north carpenter st,chicago,il,60607
22J540981,3363 oxford blvd,5 strutt st,international,international,99999
13G510043,8405 mclaran ave,6600 lbj freeway,dallas,tx,75240
12N530727,11941 beaverton dr,12284 de paul dr,bridgeton,mo,63044
24U120865,592 nantucket pointe dr,summer set lake #16,desotot,mo,63020
13F610825,1046 donnell ave,8112 maryland ave,saint louis,mo,63105
13F610852,1050 donnell ave,8112 maryland ave,saint louis,mo,63105
11J431056,8460 january ave,311 bell st,international,international,99999
13N140060,105 delord ave,11598 se 50th ave,belleview,fl,34420
16J320698,6902 robbins ave,16 gregory st,international,international,99999
12N640213,3680 taylor ave,3680 taylor ave,bridgeton,mo,63044
14M210532,10943 midland blvd,120 s central ave,saint louis,mo,63105
20K516116,8810 eager rd,3 chestnut pl,international,international,99999
28H220075,613 jeffersonian dr,po box 190108,saint louis,mo,63119
11G220841,9825 winkler dr,54 meadowview point,international,international,99999
09J640516,785 bobbins ln,8642 satinwood dr,frederick,md,21704
21J140445,7569 ellis ave,,,,
10G130633,1521 keelen dr,35 camber ct,international,international,99999
12F210271,9446 dawn ct,1939 wentzville park,wentzville,mo,63385
26M220303,9229 robyn rd,po box 8265,wichita falls,tx,76307
11D410717,311 estridge rd,14 domaine groves,international,international,99999
14J521435,8534 jane ave,14 domaine groves,international,international,99999
17K630667,1236 fairview ave,8950 cypress waters blvd,coppell,tx,75019
10D211041,101 roderick dr,16 derech hayam,international,international,99999
11D530745,10640 glen garry rd,16 derech hayam,international,international,99999
09E620415,1201 baron ave,16 derech hayam,international,international,99999
10J231837,205 elbring dr,16 derech hayam,international,international,99999
12H530849,133 s barat ave,1841 sherman dr,saint charles,mo,63303
10J441252,210 brackleigh ln,573 street house 8,international,international,99999
12F110124,2436 center ave,po box 182,international,international,99999
17O530277,12307 promenade ln,36 four seasons center,chesterfield,mo,63017
28P130535,1751 hawkins rd,,,,
15K420268,2319 kenosho ave,,,,
10G240174,1928 prior dr,15-2660 pahoa village rd,pahoa,hi,96778
28Q330837,1256 green vale ct,,,,
29W240241,1646 grace view dr,,,,
17H111405,6549 bartmer ave,87-1012 oheohe st,wainanae,hi,96792
13G341500,2144 hord ave,12 ss2,international,international,9999
14G141006,5304 college ave,12 ss2,international,international,99999
28H510091,848 middleboro dr,1040 masters green,international,international,99999
20R120231,2389 broadmont ct,falcao 870,international,international,99999
08J611092,1945 parker rd,1500 rosecrans ave,manhattan beach,ca,90266
09J110327,7324 berkridge dr,1500 rosecrans ave,manhattan beach,ca,90266
15N211254,11648 cedar walk dr,1100 virginia dr,fort washington,pa,19034
10J210818,8106 frost ave,1100 virginia dr,fort washington,pa,19034
13K540023,8911 bessemer ave,1100 virginia dr,fort washington,pa,19034
08E630886,12344 spanish pond rd,95-752 paikauhale st,milliani,hi,96789
14J120531,2843 lyndhurst ave,149 gpdstpw rd,international,international,99999
27M440201,9356 robyn hills dr,342 brookdale ave,international,international,99999
07K120664,1525 keeven ln,410 n scottsdale rd,tempe,az,85288
08E120134,1836 roseview ln,410 n scottsdale rd,tempe,az,85288
08H330413,2832 cranberry ct,410 n scottsdale rd,tempe,az,85288
32L220183,6431 brookfield court dr,410 n scottsdale rd,tempe,az,85288
24K320111,8008 pembroke dr,410 n scottsdale rd,tempe,az,85288
12O520901,2674 creve coeur mill rd,91-1062 paaoloulu way,kapolei,hi,96707
05J520250,3522 heather trails dr,11150 4th st ,saint petersburg,fl,33716
11E621817,313 lancashire rd,,,,
12E610232,9663 diamond dr,po box 54620,international,international,99999
11G540693,10192 winkler dr,po box 54620,international,international,99999
15G440041,4320 ravenwood ave,po box 54620,international,international,99999
15L211245,2009 wismer ave,4045 twilight beach rd,chilton,wi,53014
22T211616,1208 clarkson ct,18956 82 ave,international,international,99999
18H420513,804 eastgate ave,one brookings dr,saint louis,mo,63130
21W620526,17869 suzanne ridge dr,39 ivorywood cove,international,international,99999
25P410164,810 forest ave,w 66 n 459 grant ave,cedarburg,wi,53012
13F230281,1831 coleridge dr,po box 981012,boston,ma,02298
19K241182,8140 whitburn dr,8140 whitburn dr 203,saint louis,mo,63105
35K640794,7160 tournament dr,703 n main st,o fallon,mo,63366
11J140774,8201 airport rd,,,,
08J340194,685 pimlico dr,po box 182,international,international,99999
28K620790,9361 southtowne farms dr,po box 77408,ewing,nj,08618
10H210585,741 chatelet woods dr,po box 77408,ewing,nj,08618
10F120585,10348 earl dr,7025 gaslamp walk,international,international,99999
13G311196,8348 strathmore pl,7025 gaslamp walk,international,international,99999
16M111541,10415 briarbend dr,10415 briarbend dr,saint louis,mo,63146
08E120842,11825 talisman ct,pestalozzistr 5,international,international,99999
08G210365,11915 old halls ferry rd,420 oconnor st,international,international,99999
11E431184,1108 bakewell dr,7700 camino real,miami,fl,31143
13J640300,8454 falmouth dr,po box 981012,boston,ms,02298
18K420216,1 delcrest ct,po box 4075,international,international,99999
13O211314,2038 quiet stream dr,po box 4075,international,international,99999
12J340982,428 shirley ave,125 marquis grove se,international,international,99999
10J520971,118 anistasia dr,440 s lasalle st,chicago,il,60605
17K620316,7738 elene ave,16-19 morlot ave,fair lawn,nj,07410
17K620163,7743 ahern ave,16-19 morlot ave,fair lawn,nj,07410
12G320160,2500 shannon ave,1841 sherman dr,saint charles,mo,63303
12J620082,404 hern ave,1266 w paces ferry rd,atlanta,ga,30327
11E630570,701 shepley dr,3 grace park ave,international,international,99999
24V430174,17126 manchester rd,15455 manchester rd,ballwin,mo,63022
12N220334,3285 gwengreen dr,20501 alajuela atenas,international,international,99999
09H540925,1805 st anthony ln,,,,
18M340057,36 upper ladue rd,10155 16 st,international,international,99999
26G110085,731 erskine ave,200 tapestry dr,saint louis,mo,63125
24L320954,50 holly dr,,,,
11F621744,10154 coburg lands dr,86 9088 halston ort,international,international,99999
11F421801,10124 baron dr,49 hasivim st,international,international,99999
08E320543,1224 northdale ave,49 hasivim st,international,international,99999
14G641131,5815 hodiamont ave,49 hasivim st,international,international,99999
11G521140,10154 mayfair dr,49 hasivim st,international,international,99999
16H621079,2136 oakdale ave,49 hasivim st,international,international,99999
12J520047,318 mueller ave,49 hasivim st,international,international,99999
14G221306,5259 hodiamont ave,,,,
13H540362,7564 blanding dr,,,,
26K540502,47 grantwood ln,3439 corcoran rd,doe run,mo,63637
12H120392,116 anabel ave,po box 10497,greenville,sc,29603
12L510167,10128 douglass ct,2319 woodson rd,saint louis,mo,63114
13L120754,10229 st katherine ln,2319 woodson rd,saint louis,mo,63114
13L411278,10338 st joan ln,2319 woodson rd,saint louis,mo,63114
12M310450,10826 kingbee pl,2319 woodson rd,saint louis,mo,63114
13M131737,10948 margatehall dr,2319 woodson rd,saint louis,mo,63114
13M131728,10956 margatehall dr,2319 woodson rd,saint louis,mo,63114
16J431150,1939 vinita dr,2319 woodson rd,saint louis,mo,63114
16J511186,2029 raven dr,2319 woodson rd,saint louis,mo,63114
15K411138,2379 s milton ave,2319 woodson rd,saint louis,mo,63114
15K520522,2405 gilrose ave,2319 woodson rd,saint louis,mo,63114
14M620502,3117 la vista dr,2319 woodson rd,saint louis,mo,63114
14L421201,3140 sherman dr,2319 woodson rd,saint louis,mo,63114
13L130351,3449 st williams ln,2319 woodson rd,saint louis,mo,63114
13L411465,3709 colin ct,2319 woodson rd,saint louis,mo,63114
13M631211,3727 st kevin park dr,2319 woodson rd,saint louis,mo,63114
12M310322,3763 high dr,2319 woodson rd,saint louis,mo,63114
12M310432,3767 high dr,2319 woodson rd,saint louis,mo,63114
13L530067,3771 wright ave,2319 woodson rd,saint louis,mo,63114
14K140608,9004 windom ave,2319 woodson rd,saint louis,mo,63114
13L620971,9500 bataan dr,2319 woodson rd,saint louis,mo,63114
24S640233,432 madrina ct,17209-240 chesterfield airport rd,chesterfield,mo,63005
16K122071,8404 braddock dr,60 livingston ave,saint paul,mn,55107
13G240593,8351 eton pl,43 swallow groves,international,international,99999
11G120347,9784 dennis dr,91-1515 kaaimalu pl,ewa beach,hi,96706
10D120804,220 roderick dr,619 exeter way,international,international,99999
10D120785,224 roderick dr,po box 182,international,international,99999
11J230691,8151 airport rd,w144n9896 sun vally pl,germantown,wi,53022
11J510333,8212 davenport dr,w144n9896 sun vally pl,germantown,wi,53022
11J120837,8264 fay dr,w144n9896 sun vally pl,germantown,wi,53022
19T610318,16585 baxter forest ridge dr,16585 baxter forest ridge dr,chesterfield,mo,63005
08K210304,875 loyola dr,40A hailahot st,international,international,99999
09H411126,960 robinwood dr,40A hailahot st,international,international,99999
10G220411,10268 dacey dr,po box 2513,international,international,99999
11G330410,10030 green valley dr,200 west main street,washington,mo,63090
11E240997,10071 diamond dr,200 west main street,washington,mo,63090
11G420353,10108 jett dr,200 west main street,washington,mo,63090
11E410837,10142 newbold dr,200 west main street,washington,mo,63090
11E620681,10319 galloway dr,200 west main street,washington,mo,63090
11E611199,10356 durness dr,200 west main street,washington,mo,63090
11D430012,10420 balmoral dr,200 west main street,washington,mo,63090
11E540194,10427 lilac ave,200 west main street,washington,mo,63090
10E320041,10519 gretna cir,200 west main street,washington,mo,63090
11D530042,10546 spring garden dr,200 west main street,washington,mo,63090
10D120042,10604 moidart cir,200 west main street,washington,mo,63090
11D530231,10605 spring garden dr,200 west main street,washington,mo,63090
11D530251,10609 spring garden dr,200 west main street,washington,mo,63090
11D530240,10624 spring garden dr,200 west main street,washington,mo,63090
11D530617,10660 spring garden dr,200 west main street,washington,mo,63090
10D210839,10741 spring garden dr,200 west main street,washington,mo,63090
10D240319,10885 spring garden dr,200 west main street,washington,mo,63090
08E310423,11900 criterion ave,200 west main street,washington,mo,63090
08E240320,12027 krenning ln,200 west main street,washington,mo,63090
09E620833,1219 congress ave,200 west main street,washington,mo,63090
08E611119,12332 santa maria dr,200 west main street,washington,mo,63090
09E610218,1236 baron ave,200 west main street,washington,mo,63090
11F640811,1243 addison dr,200 west main street,washington,mo,63090
10D211232,143 roderick dr,200 west main street,washington,mo,63090
10D230363,147 monteith cir,200 west main street,washington,mo,63090
10D211728,151 brigadoon cir,200 west main street,washington,mo,63090
12G440192,1608 nemnich ave,200 west main street,washington,mo,63090
11D410827,200 cameron rd,200 west main street,washington,mo,63090
11D411033,207 cameron rd,200 west main street,washington,mo,63090
11D430360,207 midlothian rd,200 west main street,washington,mo,63090
10D120877,221 roderick dr,200 west main street,washington,mo,63090
10D230693,229 dundee cir,200 west main street,washington,mo,63090
11D410937,233 cameron rd,200 west main street,washington,mo,63090
11D441461,249 grampian rd,200 west main street,washington,mo,63090
11D410450,253 estridge rd,200 west main street,washington,mo,63090
10D120749,261 glen garry rd,200 west main street,washington,mo,63090
11E330326,288 habecking dr,200 west main street,washington,mo,63090
11E621396,304 lanark rd,200 west main street,washington,mo,63090
11E640250,312 banff cir,200 west main street,washington,mo,63090
11D430801,314 shepley dr,200 west main street,washington,mo,63090
11E620634,323 crawford rd,200 west main street,washington,mo,63090
11E620735,326 caithness rd,200 west main street,washington,mo,63090
11E621716,330 lancashire rd,200 west main street,washington,mo,63090
11E621242,332 lanark rd,200 west main street,washington,mo,63090
11E620111,375 cameron rd,200 west main street,washington,mo,63090
11E620340,400 crawford rd,200 west main street,washington,mo,63090
11E641323,401 shepley dr,200 west main street,washington,mo,63090
11E620827,404 caithness rd,200 west main street,washington,mo,63090
11E621781,404 lancashire rd,200 west main street,washington,mo,63090
12J341121,416 georgia ave,200 west main street,washington,mo,63090
11E621770,418 lancashire rd,200 west main street,washington,mo,63090
12J340955,424 georgia ave,200 west main street,washington,mo,63090
11E620304,428 crawford rd,200 west main street,washington,mo,63090
11E640063,433 lancashire rd,200 west main street,washington,mo,63090
11E341115,442 cameron rd,200 west main street,washington,mo,63090
11E640416,455 midlothian rd,200 west main street,washington,mo,63090
11E640700,456 shepley dr,200 west main street,washington,mo,63090
14G220408,5220 hodiamont ave,200 west main street,washington,mo,63090
11E520185,534 alcove ave,200 west main street,washington,mo,63090
11E610954,538 dornoch dr,200 west main street,washington,mo,63090
14G610892,5608 hodiamont ave,200 west main street,washington,mo,63090
12E420075,589 leeton ave,200 west main street,washington,mo,63090
12H220410,6129 dupree ave,200 west main street,washington,mo,63090
10J130361,6814 frostview ln,200 west main street,washington,mo,63090
11E630372,708 shepley dr,200 west main street,washington,mo,63090
13H510956,7836 tuxedo ct,200 west main street,washington,mo,63090
14J110321,8017 wayland ct,200 west main street,washington,mo,63090
11J120451,8227 zoe dr,200 west main street,washington,mo,63090
12E120106,824 marias dr,200 west main street,washington,mo,63090
13G631186,8834 tyrell dr,200 west main street,washington,mo,63090
12F530481,9715 portage dr,200 west main street,washington,mo,63090
12G440703,9732 dennis dr,200 west main street,washington,mo,63090
11G210794,9766 scottdale dr,200 west main street,washington,mo,63090
12E640273,9809 jeffrey dr,200 west main street,washington,mo,63090
11E210242,9855 calumet dr,200 west main street,washington,mo,63090
11E310508,9950 valley dr,200 west main street,washington,mo,63090
11G140697,10008 lakemoor dr,200 west main street,washington,mo,63090
24V612941,16535 victoria crossing dr,46 hill brow hove,international,international,99999
17O320672,550 coeur de royale dr,758 4 2301 beijing road,international,international,99999
10J130194,6800 st olaf dr,619 exeter way,international,international,99999
11D410652,261 cameron rd,3424 horsehead bay drive,gig harbor,wa,98335
13H420233,100 bernhardt ave,231 s beminston ave,saint louis,mo,63105
11E340217,10018 jeffrey dr,231 s beminston ave,saint louis,mo,63105
11G340411,10020 pepper ln,231 s beminston ave,saint louis,mo,63105
11F130787,10026 viscount dr,231 s beminston ave,saint louis,mo,63105
11G520774,10108 winkler dr,231 s beminston ave,saint louis,mo,63105
11G521012,10128 winkler dr,231 s beminston ave,saint louis,mo,63105
11E620661,10315 galloway dr,231 s beminston ave,saint louis,mo,63105
11E610583,10339 renfrew dr,231 s beminston ave,saint louis,mo,63105
11E610918,10340 durness dr,231 s beminston ave,saint louis,mo,63105
11E540172,10419 lilac ave,231 s beminston ave,saint louis,mo,63105
11D530121,10555 spring garden dr,231 s beminston ave,saint louis,mo,63105
11D431284,10622 dunkeld cir,231 s beminston ave,saint louis,mo,63105
10D220050,10752 spring garden dr,231 s beminston ave,saint louis,mo,63105
10D211360,10800 glen garry rd,231 s beminston ave,saint louis,mo,63105
10D240300,10861 spring garden dr,231 s beminston ave,saint louis,mo,63105
10J241461,109 young dr,231 s beminston ave,saint louis,mo,63105
12H121290,110 fermo ave,231 s beminston ave,saint louis,mo,63105
12H420292,114 paul ave,231 s beminston ave,saint louis,mo,63105
11D420323,124 cameron rd,231 s beminston ave,saint louis,mo,63105
10D210729,127 mcalpine dr,231 s beminston ave,saint louis,mo,63105
11D440426,137 perthshire rd,231 s beminston ave,saint louis,mo,63105
10J511652,145 buddie ave,231 s beminston ave,saint louis,mo,63105
12H210886,147 elkan ave,231 s beminston ave,saint louis,mo,63105
10D230170,154 monteith cir,231 s beminston ave,saint louis,mo,63105
11G211362,1719 dellwood ct,231 s beminston ave,saint louis,mo,63105
13F140584,1946 hildred ave,231 s beminston ave,saint louis,mo,63105
13F110701,2000 mclaran ave,231 s beminston ave,saint louis,mo,63105
12G640062,2046 nemnich rd,231 s beminston ave,saint louis,mo,63105
13G340767,2116 lexa dr,231 s beminston ave,saint louis,mo,63105
11D410593,215 estridge rd,231 s beminston ave,saint louis,mo,63105
10J510190,216 williams blvd,231 s beminston ave,saint louis,mo,63105
16H640164,2161 edmund ave,231 s beminston ave,saint louis,mo,63105
11D441508,218 ben nevis rd,231 s beminston ave,saint louis,mo,63105
15L330793,2207 wengler ave,231 s beminston ave,saint louis,mo,63105
11D411396,232 tay rd,231 s beminston ave,saint louis,mo,63105
11E340886,241 coburg dr,231 s beminston ave,saint louis,mo,63105
10J530651,252 becker dr,231 s beminston ave,saint louis,mo,63105
13G540233,2546 hord ave,231 s beminston ave,saint louis,mo,63105
13G541021,2600 winfred ave,231 s beminston ave,saint louis,mo,63105
13G520974,2611 shirley ave,231 s beminston ave,saint louis,mo,63105
14K330302,2817 walton rd,231 s beminston ave,saint louis,mo,63105
15H310626,3004 capehart dr,231 s beminston ave,saint louis,mo,63105
14J231035,3201 welsberg dr,231 s beminston ave,saint louis,mo,63105
14J140973,3223 welsberg dr,231 s beminston ave,saint louis,mo,63105
12J241854,329 plaza ave,231 s beminston ave,saint louis,mo,63105
12J241643,341 mueller ave,231 s beminston ave,saint louis,mo,63105
11E640975,348 shepley dr,231 s beminston ave,saint louis,mo,63105
11E620102,379 cameron rd,231 s beminston ave,saint louis,mo,63105
14J531126,3944 shirley ave,231 s beminston ave,saint louis,mo,63105
12J341451,400 jean ave,231 s beminston ave,saint louis,mo,63105
15G141995,4018 beachwood ave,231 s beminston ave,saint louis,mo,63105
11E620845,420 caithness rd,231 s beminston ave,saint louis,mo,63105
15G140253,4329 dardenne dr,231 s beminston ave,saint louis,mo,63105
12H131044,436 thomas ave,231 s beminston ave,saint louis,mo,63105
12J340551,452 georgia ave,231 s beminston ave,saint louis,mo,63105
14G121408,4712 begg blvd,231 s beminston ave,saint louis,mo,63105
12J220862,477 mueller ave,231 s beminston ave,saint louis,mo,63105
12J330808,511 graf ave,231 s beminston ave,saint louis,mo,63105
14G220114,5225 wilborn dr,231 s beminston ave,saint louis,mo,63105
14G242462,5439 hodiamont ave,231 s beminston ave,saint louis,mo,63105
13G110160,5530 sunbury ave,231 s beminston ave,saint louis,mo,63105
13G221051,5713 beldon dr,231 s beminston ave,saint louis,mo,63105
13G221150,5725 ramsey dr,231 s beminston ave,saint louis,mo,63105
12J431387,5906 hancock ave,231 s beminston ave,saint louis,mo,63105
11J331202,6 dadebridge ct,231 s beminston ave,saint louis,mo,63105
12J631390,601 carson rd,231 s beminston ave,saint louis,mo,63105
11J131882,6234 hancock ave,231 s beminston ave,saint louis,mo,63105
12J631510,624 wesley ave,231 s beminston ave,saint louis,mo,63105
11J420706,6265 tyndall dr,231 s beminston ave,saint louis,mo,63105
11J231607,6306 peurifoy ave,231 s beminston ave,saint louis,mo,63105
11J420733,6329 jefferson ave,231 s beminston ave,saint louis,mo,63105
16H641594,6460 myron ave,231 s beminston ave,saint louis,mo,63105
11J540651,6628 thurston ave,231 s beminston ave,saint louis,mo,63105
10J210120,6636 torlina dr,231 s beminston ave,saint louis,mo,63105
17H430762,6725 schofield pl,231 s beminston ave,saint louis,mo,63105
10J210661,6728 torlina dr,231 s beminston ave,saint louis,mo,63105
15H240455,6906 woodrow ave,231 s beminston ave,saint louis,mo,63105
13G630754,7 lamar dr,231 s beminston ave,saint louis,mo,63105
14G231316,7036 garesche ave,231 s beminston ave,saint louis,mo,63105
14G540874,7050 roslyn dr,231 s beminston ave,saint louis,mo,63105
14G541507,7116 lamont dr,231 s beminston ave,saint louis,mo,63105
13G220032,7116 seymour dr,231 s beminston ave,saint louis,mo,63105
13G220720,7124 paisley dr,231 s beminston ave,saint louis,mo,63105
14G231480,7133 dawson pl,231 s beminston ave,saint louis,mo,63105
14G140245,7137 beulah ave,231 s beminston ave,saint louis,mo,63105
13G220371,7142 lamont dr,231 s beminston ave,saint louis,mo,63105
13G220481,7152 lamont dr,231 s beminston ave,saint louis,mo,63105
14G530772,7203 albright ave,231 s beminston ave,saint louis,mo,63105
13G211074,7209 jenwood ave,231 s beminston ave,saint louis,mo,63105
16J330554,7223 teal ave,231 s beminston ave,saint louis,mo,63105
13G120501,7401 greenport dr,231 s beminston ave,saint louis,mo,63105
13G141328,7500 calvin ave,231 s beminston ave,saint louis,mo,63105
13H140540,7828 atherstone dr,231 s beminston ave,saint louis,mo,63105
11J210808,8112 zoe dr,231 s beminston ave,saint louis,mo,63105
11J230350,8123 rector dr,231 s beminston ave,saint louis,mo,63105
12E111131,825 teurville dr,231 s beminston ave,saint louis,mo,63105
15K620480,8275 albin ave,231 s beminston ave,saint louis,mo,63105
13G231023,8324 mclaran ave,231 s beminston ave,saint louis,mo,63105
13G240236,8343 mayfair pl,231 s beminston ave,saint louis,mo,63105
13G241473,8375 eton pl,231 s beminston ave,saint louis,mo,63105
13G320325,8513 church bell ln,231 s beminston ave,saint louis,mo,63105
11K621597,8625 haltonia ln,231 s beminston ave,saint louis,mo,63105
14J430289,8949 higginson dr,231 s beminston ave,saint louis,mo,63105
13J211179,9017 cranberry ln,231 s beminston ave,saint louis,mo,63105
12E110893,929 lebon dr,231 s beminston ave,saint louis,mo,63105
12G240291,9318 scottdale ave,231 s beminston ave,saint louis,mo,63105
11F110015,9715 edgefield dr,231 s beminston ave,saint louis,mo,63105
12G440923,9718 lorna ln,231 s beminston ave,saint louis,mo,63105
11G320033,9748 jacobi ave,231 s beminston ave,saint louis,mo,63105
11G230026,9843 scottdale dr,231 s beminston ave,saint louis,mo,63105
11E220519,9919 lilac dr,231 s beminston ave,saint louis,mo,63105
11E310737,9951 jeffrey dr,231 s beminston ave,saint louis,mo,63105
27Q310946,8 apostle ct,11017 a oak forest parkway,saint louis,mo,63146
20J441204,1139 boland pl,po box 50143,saint louis,mo,63105
20K322296,1270 strassner dr,po box 50143,saint louis,mo,63105
13G520910,2582 main st,94-1005 palaiki street,wiapahu,hi,96797
26R620423,11 meramec frst,51-344 kamehameha hwy,kaawa,hi,96730
09D430358,1111 cove ln,unit 3030 box 172,international,international,99999
11J131772,6239 evergreen blvd,95-223 koolua place,millilani,hi,96789
15L611063,2340 wengler ave,p o box 632,saint charles,mo,63302
15H221104,6937 leedale dr,47 great western highway,international,international,99999
11J330845,329 n dade ave,po box 65250,salt lake,ut,84165
08J320152,410 ridge dr,cmr 480 box 3049,international,international,99999
08J320471,475 allen dr,cmr 480 box 3049,international,international,99999
15G531303,4612 edgewood blvd,one allen center,allen,tx,75013
10G130284,1510 beecher dr,228 park ave,new york,ny,10003
13L140183,3469 westridge ln,228 park ave,new york,ny,10003
15H620275,3731 avondale ave,one dock street,stamford,ct,06902
14K210080,8824 forest ave,one dock street,stamford,ct,06902
27H640753,904 lemay ferry rd,one dock street,stamford,ct,06902
11F630773,1427 attica dr,one dock street,stamford,ct,06902
17J130630,7475 drexel dr,4 victoria court,international,international,99999
08D110082,1108 laredo ave,95-223 koolua place,millilani,hi,96789
17H110592,6660 chamberlain ave,kadima street 13,international,international,99999
29L530912,12568 chardin pl,27 clansman terrace,international,international,99999
29L530831,12556 chardin pl,27 clansman terrace,international,international,99999
29L530842,12556 chardin pl,27 clansman terrace,international,international,99999
29L530921,12568 chardin pl,27 clansman terrace,international,international,99999
13N610815,3107 garnette dr,3107 garnette dr,bridgeton,mo,63044
13G510142,8346 willett ave,1841 sherman drive,saint charles,mo,63303
19J310614,6633 san bonita ave,203 lonsdale rd,international,international,99999
18J310196,7017 westmoreland dr,no 25 ngach,international,international,99999
13F540351,1232 duenke dr,45-026 wena place,kaneohe,hi,96744
13F540122,9244 hathaway dr,45-026 wena place,kaneohe,hi,96744
08D111412,1118 laredo ave,6100 indian school road,albuquerque,nm,87110
11F621726,1223 odessa dr,6100 indian school road,albuquerque,nm,87110
12E110307,924 marias dr,45-026 wena place,kaneohe,hi,96744
12J331012,367 s harvey ave,1507 roberval ave,international,international,99999
13K530512,4368 eminence blvd,1507 roberval ave,international,international,99999
13K531102,4420 picajune ave,1507 roberval ave,international,international,99999
12J310541,5319 grove ave,1507 roberval ave,international,international,99999
11G110410,9800 eastdell dr,3 forshee blvd,international,international,99999
09K612488,7583 hazelcrest dr,aharon katsnelson 18/3,international,international,99999
28L510359,10424 e liberty trail dr,10424 e liberty trail dr,saint louis,mo,63128
18J430403,7486 gannon ave,shimoishihara,international,international,99999
08E510096,1737 parker rd,n9995 east shore road,marenisco,mi,49947
12H240155,7501 rowles ave,n9995 east shore road,marenisco,mi,49947
11G540794,10225 lynncrest ct,4600 w village place,smyrna,ga,30080
11F230713,2363 gardner dr,po box 300402,saint louis,mo,63130
14G612092,5652 helen ave,po box 300402,saint louis,mo,63130
26K410016,7400 grant rd,90 south 7th street,minneaplois,mn,55479
07J240169,1695 beverly dr,44 lismer cresent,international,international,99999
12F640764,6 forest home ct,po box 548,international,international,99999
14K220953,8654 burton ave,2203 south big bend,saint louis,mo,63117
17K130662,8522 old bonhomme rd,11 silver maple dr,international,international,99999
17J520888,7024 julian ave,16F national court,international,international,99999
14L130543,10257 clarendon ave,16F national court,international,international,99999
15J131134,8112 shellbark ave,1841 sherman drive,saint charles,mo,63303
17U330244,17360 chesterfield airport rd,6800 bishop road,plano,tx,75024
23L530033,31 algonquin wood pl,204 main street,andover,nh,03216
07G610324,13130 brendan wood dr,101 south hanley road,saint louis,mo,63105
20J112054,7916 thomas ave,hc 1 box 1015,silva,mo,63117
20K141006,9023 w swan cir,1618 coffeyton road,bourbon,mo,65441
17H411442,6564 joseph ave,,,,
14G241986,5461 helen ave,23-31 waring street,international,international,99999
13L240063,3532 wismer rd,po box 653,international,international,99999
20K321709,1251 strassner dr,223-01 union turnpike,oakland gardens,ny,11364
29J430788,6925 s lindbergh blvd,one dave thomas blvd,dublin,oh,43017
11G611296,10142 green valley dr,,,,
11G540271,10169 winkler dr,,,,
11G540400,10172 winkler dr,,,,
10F230291,10520 castle dr,,,,
12H131145,20 suburban ave,,,,
12E631099,317 midridge dr,,,,
14G420626,5405 fletcher st,,,,
11K320836,6049 garfield ave,,,,
11K621704,6350 madison ave,,,,
10J120892,6711 black walnut ct,,,,
11J510511,8058 packard ave,,,,
13G320352,8506 dianthus ln,,,,
11G530317,10173 bon oak dr,98-1692 laauhuahua place,peral city,hi,96782
28G430927,9929 clyde ave,3553 sorrel tree lane,saint louis,mo,63129
09M610242,5284 ville rosa ln,8 aly 2 ln 200 jing an road,international,international,99999
13M520331,3520 high dr,cmr 480 box 3049,international,international,99999
07K230664,155 alberto ln,po box 20005,owensboro,ky,42301
09K530098,23 tamma ln,po box 20005,owensboro,ky,42301
16J120652,7340 lynn ave,po box 20005,owensboro,ky,42301
29O530421,747 spring crest ct,po box 20005,owensboro,ky,42301
25Q331509,10 boyd ave,po box 20005,owensboro,ky,42301
11G630307,10175 cloverdale dr,po box 20005,owensboro,ky,42301
10F110263,10326 edgefield dr,po box 20005,owensboro,ky,42301
09H140204,1085 ramport dr,po box 20005,owensboro,ky,42301
09G421225,11922 cato dr,po box 20005,owensboro,ky,42301
07K120192,1240 flora ln,po box 20005,owensboro,ky,42301
08G610260,12525 evening shade dr,po box 20005,owensboro,ky,42301
08G130395,12755 sandalwood dr,po box 20005,owensboro,ky,42301
27N620257,12776 nanell ln,po box 20005,owensboro,ky,42301
11H620352,1385 heydt ave,po box 20005,owensboro,ky,42301
21R432126,15023 baxter village dr,po box 20005,owensboro,ky,42301
09H210541,1649 summer run dr,po box 20005,owensboro,ky,42301
10G211262,1822 hudson rd,po box 20005,owensboro,ky,42301
13F130813,2025 hord ave,po box 20005,owensboro,ky,42301
24M530682,204 s fillmore ave,po box 20005,owensboro,ky,42301
27G142052,212 e holden ave,po box 20005,owensboro,ky,42301
10F211904,2464 baroness dr,po box 20005,owensboro,ky,42301
23T510943,247 carmel woods dr,po box 20005,owensboro,ky,42301
13J340321,255 emerling dr,po box 20005,owensboro,ky,42301
06H140830,2925 churchill dr,po box 20005,owensboro,ky,42301
22L621585,312 euclid ave,po box 20005,owensboro,ky,42301
15H330738,3221 gary dr,po box 20005,owensboro,ky,42301
05J220804,3250 sabrina ln,po box 20005,owensboro,ky,42301
13M210809,3315 carlow pl,po box 20005,owensboro,ky,42301
22J540945,3350 cambridge ave,po box 20005,owensboro,ky,42301
29J640228,3426 glen arbor dr,po box 20005,owensboro,ky,42301
13L140013,3457 westridge ln,po box 20005,owensboro,ky,42301
06H520474,3616 argonne forest dr,po box 20005,owensboro,ky,42301
09G420279,4307 sulla dr,po box 20005,owensboro,ky,42301
31K130455,4342 southview way dr,po box 20005,owensboro,ky,42301
09G440453,4388 varano dr,po box 20005,owensboro,ky,42301
13H220125,5336 olene dr,po box 20005,owensboro,ky,42301
07J421098,560 humes ln,po box 20005,owensboro,ky,42301
09L230050,6 robinwing ln,po box 20005,owensboro,ky,42301
11H230201,621 forest ave,po box 20005,owensboro,ky,42301
14G330343,6339 lucille ave,po box 20005,owensboro,ky,42301
17H111845,6618 crest ave,po box 20005,owensboro,ky,42301
10J211514,6641 sassenrath ln,po box 20005,owensboro,ky,42301
17J320820,6756 chamberlain ave,po box 20005,owensboro,ky,42301
16H110902,6767 robbins ave,po box 20005,owensboro,ky,42301
14H321407,6910 florian ave,po box 20005,owensboro,ky,42301
17J610220,6932 plymouth ave,po box 20005,owensboro,ky,42301
27H620614,702 bartolet ave,po box 20005,owensboro,ky,42301
17J522044,7028 raymond ave,po box 20005,owensboro,ky,42301
15H110242,7129 curtis ave,po box 20005,owensboro,ky,42301
16J441412,7928 bloom dr,po box 20005,owensboro,ky,42301
06J541513,803 liberty village dr,po box 20005,owensboro,ky,42301
12J310222,8453 brotherton ln,po box 20005,owensboro,ky,42301
25J330101,8613 elgin ave,po box 20005,owensboro,ky,42301
14J140744,8736 marcella ave,po box 20005,owensboro,ky,42301
12G311241,8789 darnell pl,po box 20005,owensboro,ky,42301
14J141077,8819 marcella ave,po box 20005,owensboro,ky,42301
06J530227,917 oriental dr,po box 20005,owensboro,ky,42301
13F610302,9216 edna st,po box 20005,owensboro,ky,42301
12E130464,9348 bellefontaine rd,po box 20005,owensboro,ky,42301
12F230987,9634 wilson bridge dr,po box 20005,owensboro,ky,42301
12F530294,9700 wendell dr,po box 20005,owensboro,ky,42301
12E530053,9701 gloucester dr,po box 20005,owensboro,ky,42301
27G131416,9704 gentry ave,po box 20005,owensboro,ky,42301
11F320023,9752 colony dr,po box 20005,owensboro,ky,42301
14L421971,9919 baltimore ave,po box 20005,owensboro,ky,42301
28G430594,9946 meadow ave,po box 20005,owensboro,ky,42301
10F120695,10254 count dr,po box 20005,owensboro,ky,42301
24P310654,1117 arbor creek dr,po box 20005,owensboro,ky,42301
14K330573,2906 ridgeway ave,po box 20005,owensboro,ky,42301
09H531026,3130 newgate dr,po box 20005,owensboro,ky,42301
12J341044,431 hern ave,po box 20005,owensboro,ky,42301
25H510331,4947 hummelsheim ave,po box 20005,owensboro,ky,42301
07F540750,6627 foothills ct,po box 20005,owensboro,ky,42301
21J512103,7446 zephyr pl,po box 20005,owensboro,ky,42301
23S140673,831 palm bay dr,po box 20005,owensboro,ky,42301
15L311004,9502 echo ln,po box 20005,owensboro,ky,42301
11G510162,10062 bon oak dr,po box 20005,owensboro,ky,42301
09F510205,11349 amboy ln,po box 20005,owensboro,ky,42301
10G510655,1758 dowd dr,906 grand street,kansas city,mo,63136
05J540247,3726 briargrove dr,po box 20005,owensboro,ky,42301
13K440374,4330 boswell ave,po box 20005,owensboro,ky,42301
17K311227,7909 blackberry ave,po box 20005,owensboro,ky,42301
29P420563,839 oakmoor dr,po box 20005,owensboro,ky,42301
08F310125,11836 lusher rd,po box 20005,owensboro,ky,42301
30J520186,722 forder rd,po box 20005,owensboro,ky,42301
27G440383,307 weiss ave,po box 20005,owensboro,ky,42301
07K410196,470 albert dr,po box 20005,owensboro,ky,42301
08D110356,1022 northdale ave,po box 20005,owensboro,ky,42301
13M130370,10943 margatehall dr,po box 20005,owensboro,ky,42301
16H411485,1466 engelholm ave,po box 20005,owensboro,ky,42301
05H430163,16006 rose wreath ln,po box 20005,owensboro,ky,42301
09H221521,1606 willow wren ct,po box 20005,owensboro,ky,42301
13O211213,2034 silent spring dr,po box 20005,owensboro,ky,42301
12F410262,2038 wilbert dr,po box 20005,owensboro,ky,42301
13L310034,3330 coles ave,po box 20005,owensboro,ky,42301
04J220612,3716 secretariat dr,po box 20005,owensboro,ky,42301
24N331323,568 andrews ave,po box 20005,owensboro,ky,42301
08F631666,6644 blossomwood dr,po box 20005,owensboro,ky,42301
15H340472,6701 edison ave,po box 20005,owensboro,ky,42301
17J310139,6823 vernon ave,po box 20005,owensboro,ky,42301
16J430160,8112 monroe ave,po box 20005,owensboro,ky,42301
16K230512,8263 montreal dr,po box 20005,owensboro,ky,42301
11J540734,928 olympia dr,po box 20005,owensboro,ky,42301
13L621804,9559 corregidor dr,po box 20005,owensboro,ky,42301
16O330524,12161 mirror lake dr,po box 20005,owensboro,ky,42301
13K230098,3700 killarney ct,po box 20005,owensboro,ky,42301
07J110468,435 lemondale ln,1 sladen court,international,international,99999
10F122024,10364 baron dr,22 ue de civry,international,international,99999
15G140116,3907 philbrook ave,veeduh 41,international,international,99999
25K320714,8706 valcour ave,8706 valcour ave,saint louis,mo,63123
09G510161,4401 rhine dr,3500 park center drive,dayton,oh,45414
14G241261,5425 helen ave,37 upper park road,international,international,99999
13F530112,9418 jennings station rd,37 upper park road,international,international,99999
12F540150,9763 lewis and clark blvd,37 upper park road,international,international,99999
09E621274,1221 scott ave,500 railway avenue,international,international,99999
16H521834,6532 jesse jackson ave,1841 sherman drive,saint charles,mo,63303
08G340033,5327 abington rd,1841 sherman drive,saint charles,mo,63303
08F220233,11590 fox hall ln,4100 international parkway,carrollton,tx,75007
06J520987,2948 sherwood dr,4100 international parkway,carrollton,tx,75007
10G120458,10309 quaker dr,4100 international parkway,carrollton,tx,75007
10D211562,10809 glen garry rd,4100 international parkway,carrollton,tx,75007
11H220145,124 bayview dr,4100 international parkway,carrollton,tx,75007
06K640457,1742 emerald creek dr,4100 international parkway,carrollton,tx,75007
15L511006,2335 dawes pl,4100 international parkway,carrollton,tx,75007
31J120260,5557 baronridge dr,4100 international parkway,carrollton,tx,75007
08L610132,7350 tannoia dr,4100 international parkway,carrollton,tx,75007
11J210693,8140 zoe dr,4100 international parkway,carrollton,tx,75007
26J140853,9728 crayford dr,4100 international parkway,carrollton,tx,75007
14M240151,10743 thorpe ave,4100 international parkway,carrollton,tx,75007
09E420084,11533 francetta ln,4100 international parkway,carrollton,tx,75007
08G620236,12490 parkwood ln,4100 international parkway,carrollton,tx,75007
07H640614,13905 invicta dr,4100 international parkway,carrollton,tx,75007
16H430305,1535 engelholm ave,4100 international parkway,carrollton,tx,75007
10J120315,6650 pepperidge dr,4100 international parkway,carrollton,tx,75007
11H540391,907 nearbrook ave,4100 international parkway,carrollton,tx,75007
12F610211,9495 yorktown dr,4100 international parkway,carrollton,tx,75007
11G140073,9854 vickie pl,619 exeter way,international,international,99999
12J310046,8437 hawkesbury dr,15527 vista drive,international,international,99999
17P440304,754 ambois dr,po box 1558,pennington,nj,08534
13K131274,3737 marvin ave,po box 57,mountain iron,nmn,55768
07J330150,1945 thunderbird ave,po box 57,mountain iron,nmn,55768
13L230442,3534 eastridge ln,po box 57,mountain iron,nmn,55768
09F640324,1920 redman rd,po box 57,mountain iron,nmn,55768
28L611065,11951 tesson ferry rd,78476 allenbach,international,international,99999
07H610697,110 seville ct,2001 s e 10th street,bentonville,ar,72716
06J320248,7 darwin ct,10027 south 68th east avenue,tulsa,ok,74133
19H430100,6365 ellenwood ave,one brookings drive,saint louis,mo,63130
15G420872,4203 oakwood ave,2162 victoria ave,fort myers,fl,33901
24Q110721,1305 westbrooke terrace dr,3696-2 n new town street,saint charles,mo,63301
17K341499,1017 north and south rd,510-1333 hornby street,international,international,99999
22S530561,848 claymont dr,1324 clarkson drive,ballwin,mo,63011
22J411311,906 yeatman ave,1 home campus,des moines,ia,50328
13G142093,7528 chandler ave,1 home campus,des moines,ia,50328
11G510041,10056 bon oak dr,1 home campus,des moines,ia,50328
27G140481,113 e holden ave,1 home campus,des moines,ia,50328
22N520097,1139 woodgate dr,1 home campus,des moines,ia,50328
12H640977,1224 fargo dr,1 home campus,des moines,ia,50328
25T130141,1406 pine ridge estates ct,1 home campus,des moines,ia,50328
09H210772,1609 willow wren ct,1 home campus,des moines,ia,50328
15L320815,2022 goodale ave,1 home campus,des moines,ia,50328
13K110716,3581 boswell ave,1 home campus,des moines,ia,50328
08H540632,3640 estates dr,1 home campus,des moines,ia,50328
25H520112,4739 hannover ave,1 home campus,des moines,ia,50328
11J221440,6152 shillington ln,1 home campus,des moines,ia,50328
25K630093,7221 cheshire ln,1 home campus,des moines,ia,50328
13F530754,9409 pickford pl,1 home campus,des moines,ia,50328
27G132064,9542 gentry ave,1 home campus,des moines,ia,50328
06J530216,2912 oriental dr,1 home campus,des moines,ia,50328
08F531171,6650 hyde park dr,1 home campus,des moines,ia,50328
11F440226,10149 count dr,1 home campus,des moines,ia,50328
27K631645,10161 squire meadows dr,1 home campus,des moines,ia,50328
11D410098,10309 ross cir,1 home campus,des moines,ia,50328
20J640230,1033 blendon pl,1 home campus,des moines,ia,50328
10D110124,10658 dunkeld cir,1 home campus,des moines,ia,50328
17K340713,1066 mona dr,1 home campus,des moines,ia,50328
06J441567,1101 garden village dr,1 home campus,des moines,ia,50328
09D410866,1116 walker ave,1 home campus,des moines,ia,50328
08D111544,1131 trampe ave,1 home campus,des moines,ia,50328
08F220585,11491 las ladera dr,1 home campus,des moines,ia,50328
09E621483,1224 prigge ave,1 home campus,des moines,ia,50328
07F510456,12408 sea lane dr,1 home campus,des moines,ia,50328
07K610769,1245 estes dr,1 home campus,des moines,ia,50328
07J120160,1275 st jean st,1 home campus,des moines,ia,50328
06K420127,1280 night dr,1 home campus,des moines,ia,50328
07K120488,1285 flora ln,1 home campus,des moines,ia,50328
25Q530205,1312 tahoe valley ct,1 home campus,des moines,ia,50328
10G130725,1501 keelen dr,1 home campus,des moines,ia,50328
11D440518,204 perthshire rd,1 home campus,des moines,ia,50328
13F421021,2061 ranchdale dr,1 home campus,des moines,ia,50328
15J130386,2232 northbury ln,1 home campus,des moines,ia,50328
06K540821,2321 lost hollow ct,1 home campus,des moines,ia,50328
05K210048,2341 farflung dr,1 home campus,des moines,ia,50328
06L340222,2697 clovermere ct,1 home campus,des moines,ia,50328
11H520151,305 day dr,1 home campus,des moines,ia,50328
22K140335,323 corona ct,1 home campus,des moines,ia,50328
14L630751,3240 coles ave,1 home campus,des moines,ia,50328
14L530981,3324 sims ave,1 home campus,des moines,ia,50328
09J631046,335 st edward ln,1 home campus,des moines,ia,50328
06H220323,3564 monsols dr,1 home campus,des moines,ia,50328
16N330110,39 patterson ct,1 home campus,des moines,ia,50328
27J320203,4000 inwood dr,1 home campus,des moines,ia,50328
16Q210383,410 spring valley ct,1 home campus,des moines,ia,50328
13K441221,4406 boswell ave,1 home campus,des moines,ia,50328
29K140651,4760 kingbird ln,1 home campus,des moines,ia,50328
13G210921,5660 apricot ave,1 home campus,des moines,ia,50328
11J530034,6513 gardner ln,1 home campus,des moines,ia,50328
17H110846,6637 chamberlain ave,1 home campus,des moines,ia,50328
15H242172,7009 lexington ave,1 home campus,des moines,ia,50328
11H210814,707 darst rd,1 home campus,des moines,ia,50328
10J430515,7225 boellner dr,1 home campus,des moines,ia,50328
24J320961,7737 elton st,1 home campus,des moines,ia,50328
07J410878,800 mark twain dr,1 home campus,des moines,ia,50328
07K310911,810 lindsay ln,1 home campus,des moines,ia,50328
08L240575,832 lynn haven ln,1 home campus,des moines,ia,50328
13K310741,8615 engler ave,1 home campus,des moines,ia,50328
10J310808,902 buckeye dr,1 home campus,des moines,ia,50328
26P540965,911 marshall rd,1 home campus,des moines,ia,50328
20J120282,2030 bredell ave,1 home campus,des moines,ia,50328
22L621145,332 eldridge ave,1 home campus,des moines,ia,50328
05H420230,4242 chaste st,1 home campus,des moines,ia,50328
13K121550,9031 pallardy ln,1 home campus,des moines,ia,50328
17H420121,6514 julian ave,91-1039 aawa drive,ewa beach,hi,96706
05J130354,3040 matlock dr,14248 manchester road,manchester,mo,63011
18S530546,15660 ferncreek dr,14308 conway meadows ct,chesterfield,mo,63017
18S531426,753 finch ct,14308 conway meadows ct,chesterfield,mo,63017
12J330918,609 graf ave,168 atawhai drive,international,international,99999
27P420594,2114 gladiator dr,po box 10675,greenville,sc,29601
13H210830,5500 winchelsea dr,po box 10675,greenville,sc,29601
11J340543,401 marie ave,po box 10675,greenville,sc,29601
14O220250,1278 roth hill dr,po box 10675,greenville,sc,29601
10F120594,10252 count dr,,,,
09J210065,155 chateau dr,12065 harbor drive,woodbridge,va,22192
13K140074,3640 boswell ave,niban cho 9 3,international,international,99999
20K540324,8514 antler dr,79 hampton road,international,international,99999
13G630992,8804 tyrell dr,32-66 47th street,long island city,ny,11103
15Q310965,1807 mill ridge ct,128 w main street,mount sterling,il,62353
17J511022,1208 backer st,1344 easton road,san dimas,ca,91773
05J140056,1652 sherwood forest dr,44 cadencia street,rancho mission viejo,ca,92694
08E610822,1347 cabrillo dr,44 cadencia street,rancho mission viejo,ca,92694
06G110065,14055 old halls ferry rd,44 cadencia street,rancho mission viejo,ca,92694
05J510569,1429 matlock dr,44 cadencia street,rancho mission viejo,ca,92694
08E331147,41 trampe hills dr,44 cadencia street,rancho mission viejo,ca,92694
11E430628,1015 avant dr,4045 twlight bech road,chilton,wi,53014
11F210490,9800 wendell dr,4045 twlight bech road,chilton,wi,53014
29L530798,12548 chardin pl,156 silver rose cres,international,international,99999
19J541966,7012 forsyth blvd,w283n2150 beach rd,pewaukee,wi,53072
12H520682,271 s hartnett ave,2 34 28 menoto,international,international,99999
11G520994,10149 mayfair dr,29 teralba road,international,international,99999
19J110942,7532 york dr,7532 york dr,saint louis,mo,63105
14K420915,3337 eminence blvd,4325 nanaimo street,international,international,99999
15J430280,8140 toddy ave,4325 nanaimo street,international,international,99999
13G240731,8356 college ave,92-437 kaiaulu street,kapolei,hi,96707
20N530225,8 terrace gdns,,,,
19K520449,520 s brentwood blvd,520 s brentwood blvd,saint louis,mo,63105
15N230534,11515 moonstone ct,131 c kimtian road,international,international,99999
07K510614,37 san mateo dr,120003 riverview drive,saint louis,mo,63138
